external_id,provider_external_id,provider_name,provider_match,parent_provider_canonical,resource_name,legacy_schema_category,category,current_app_category,subcategory,legacy_subcategory,street,city,state,zip,phone,email,website,hours_summary,description,eligibility_notes,service_area,walk_ins_accepted,requires_id,requires_referral,beds_total,beds_available,availability_status,verification_status,is_active,source_urls,source_type,confidence,lat,lng,geocode_status,is_map_ready,import_priority,import_status,import_notes,access_type,geocode_source_url,population_served,provider_type,facility_features,tags
resource_acts_emergency_shelter_temporary_housing,provider_acts,ACTS,ACTS,ACTS,Emergency Shelter / Temporary Housing,shelter,shelter,shelter,emergency,emergency_shelter,4403 W Dr. Martin Luther King Jr Blvd,Tampa,FL,33614,,,https://actsfl.org/,,Emergency shelter / temporary housing candidate identified from public shelter listings.,Confirm intake rules and program naming before import.,Hillsborough County,true,,,unknown,pending,true,https://actsfl.org/,county_directory + official,medium,28.00619,-82.50598,zip_centroid_estimate,true,high,ready_for_import,,physical_site,,general,nonprofit,,
resource_cove_community_housing_solutions_center_emergency_shelter_temporary_housing,provider_cove_community_housing_solutions_center,Cove Community Housing Solutions Center,Cove Community Housing Solutions Center,Cove Community Housing Solutions Center,Emergency Shelter / Temporary Housing,shelter,shelter,shelter,emergency,emergency_shelter,5623 E Broadway Ave,Tampa,FL,33619,,,https://covebhs.com/housing-solutions-center/,,Emergency housing solutions center candidate.,Confirm service model and intake requirements before import.,Hillsborough County,true,,,unknown,pending,true,https://covebhs.com/housing-solutions-center/,county_directory + official,medium,27.93536,-82.37841,zip_centroid_estimate,true,medium,ready_for_import,,physical_site,,general,nonprofit,,
resource_mary_and_martha_house_shelter_for_women_and_children,provider_mary_and_martha_house,Mary & Martha House,Mary & Martha House,Mary & Martha House,Shelter for Women and Children,shelter,shelter,shelter,family,women_children_shelter,,,,FL,,,,https://marymarthahouse.org/,,Shelter for women and children candidate.,Address/intake details must be verified before map import.,Hillsborough County,false,,,unknown,pending,true,https://marymarthahouse.org/,county_directory + official,medium,,,confidential_no_map,false,medium,needs_review,Potential confidential/sensitive shelter. Do not map until verified.,confidential_phone_web,,"women,children",nonprofit,,confidential_location
resource_metropolitan_ministries_emergency_shelter_temporary_housing,provider_metropolitan_ministries,Metropolitan Ministries,Metropolitan Ministries,Metropolitan Ministries,Emergency Shelter / Temporary Housing,shelter,shelter,shelter,emergency,emergency_shelter,2002 N Florida Ave,Tampa,FL,33602,813-209-1000,,https://www.metromin.org/,,Emergency shelter / housing support candidate.,Confirm program-specific intake and bed availability before import.,Hillsborough County,true,,,unknown,pending,true,https://www.metromin.org/,county_directory + official,medium,27.9614,-82.4597,zip_centroid_estimate,true,high,ready_for_import,,physical_site,,general,"nonprofit,faith_based",
resource_salvation_army_tampa_red_shield_center,provider_salvation_army_tampa,Salvation Army Tampa,Salvation Army Tampa,Salvation Army Tampa,Red Shield Center,shelter,shelter,shelter,emergency,emergency_shelter,1603 N Florida Ave,Tampa,FL,33602,,,https://salvationarmyflorida.org/tampa/,,Emergency shelter / Red Shield Center candidate.,Confirm intake process and current shelter operations before import.,Hillsborough County,true,,,unknown,pending,true,https://salvationarmyflorida.org/tampa/,county_directory + official,medium,27.9614,-82.4597,zip_centroid_estimate,true,high,ready_for_import,,physical_site,,general,faith_based,,
resource_salvation_army_tampa_recuperative_care_program,provider_salvation_army_tampa,Salvation Army Tampa,Salvation Army Tampa,Salvation Army Tampa,Recuperative Care Program,medical,medical,medical,recuperative_care,recuperative_care,1603 N Florida Ave,Tampa,FL,33602,,,https://salvationarmyflorida.org/tampa/,,Medical recuperative care candidate.,Confirm eligibility/referral requirements before import.,Hillsborough County,false,true,true,unknown,pending,true,https://salvationarmyflorida.org/tampa/,county_directory + official,medium,27.9614,-82.4597,zip_centroid_estimate,true,medium,ready_for_import,,physical_site,,general,faith_based,,
resource_careersource_tampa_bay_brandon_center,provider_careersource_tampa_bay,CareerSource Tampa Bay,CareerSource Tampa Bay,CareerSource Tampa Bay,Brandon Center,work_exchange,employment,work_exchange,career_center,career_center,9350 Bay Plaza Blvd,Tampa,FL,33619,813-930-7400,,https://www.careersourcetampabay.com/,,Career center / employment resource.,Verify hours and exact services before import.,Hillsborough County,true,,,unknown,pending,true,https://www.careersourcetampabay.com/locations/,official,high,27.93536,-82.37841,zip_centroid_estimate,true,high,ready_for_import,,physical_site,,general,government,,walk_in_friendly
resource_careersource_tampa_bay_ruskin_center,provider_careersource_tampa_bay,CareerSource Tampa Bay,CareerSource Tampa Bay,CareerSource Tampa Bay,Ruskin Center,work_exchange,employment,work_exchange,career_center,career_center,,Ruskin,FL,33570,813-930-7400,,https://www.careersourcetampabay.com/,,Career center / employment resource.,Verify address and hours before import.,Hillsborough County,true,,,unknown,pending,true,https://www.careersourcetampabay.com/locations/,official,high,27.69354,-82.45861,zip_centroid_estimate,true,high,ready_for_import,,physical_site,,general,government,,walk_in_friendly
resource_careersource_tampa_bay_plant_city_center,provider_careersource_tampa_bay,CareerSource Tampa Bay,CareerSource Tampa Bay,CareerSource Tampa Bay,Plant City Center,work_exchange,employment,work_exchange,career_center,career_center,,Plant City,FL,33563,813-930-7400,,https://www.careersourcetampabay.com/,,Career center / employment resource.,Verify address and hours before import.,Hillsborough County,true,,,unknown,pending,true,https://www.careersourcetampabay.com/locations/,official,high,28.01694,-82.12544,zip_centroid_estimate,true,high,ready_for_import,,physical_site,,general,government,,walk_in_friendly
resource_feeding_tampa_bay_trinity_cafe_nebraska,provider_feeding_tampa_bay,Feeding Tampa Bay,Feeding Tampa Bay,Feeding Tampa Bay,Trinity Cafe Nebraska,food,food,food,hot_meal,free_meal,2801 N Nebraska Ave,Tampa,FL,33602,,,https://feedingtampabay.org/,,Free meal service candidate.,Confirm current meal schedule before import.,Hillsborough County,true,,,unknown,pending,true,https://feedingtampabay.org/,county_directory + official,medium,27.9614,-82.4597,zip_centroid_estimate,true,high,ready_for_import,,physical_site,,general,nonprofit,,walk_in_friendly
resource_feeding_tampa_bay_bistro_at_causeway_center,provider_feeding_tampa_bay,Feeding Tampa Bay,Feeding Tampa Bay,Feeding Tampa Bay,Bistro at Causeway Center,food,food,food,hot_meal,free_meal,3624 Causeway Blvd,Tampa,FL,33619,,,https://feedingtampabay.org/,,Free meal / bistro food service candidate.,Confirm current schedule and public access before import.,Hillsborough County,true,,,unknown,pending,true,https://feedingtampabay.org/,county_directory + official,medium,27.93536,-82.37841,zip_centroid_estimate,true,medium,ready_for_import,,physical_site,,general,nonprofit,,walk_in_friendly
resource_careersource_tampa_bay_tarpon_springs_center,provider_careersource_tampa_bay,CareerSource Tampa Bay,CareerSource Tampa Bay,CareerSource Tampa Bay,Tarpon Springs Center,work_exchange,employment,work_exchange,career_center,career_center,,Tarpon Springs,FL,34689,813-930-7400,,https://www.careersourcetampabay.com/,,Career center / employment resource.,Verify address and hours before import.,Pinellas County,true,,,unknown,pending,true,https://www.careersourcetampabay.com/locations/,official,high,28.14971,-82.75956,zip_centroid_estimate,true,high,ready_for_import,,physical_site,,general,government,,walk_in_friendly
resource_first_contact_homeless_helpline,provider_first_contact,First Contact,First Contact,First Contact,Homeless Helpline,other,crisis_services,other,hotline,homeless_helpline,,,,FL,211,,https://firstcontact.org/,,Homeless helpline / coordinated entry candidate.,Phone/intake resource; do not map as physical service unless a public office is verified.,Pinellas County,false,,,unknown,pending,true,https://firstcontact.org/,official,high,,,intake_only_no_address,false,high,needs_review,Phone/web intake resource only.,phone_web_intake,,general,government,,hotline
resource_first_contact_veteran_services,provider_first_contact,First Contact,First Contact,First Contact,Veteran Services,other,housing_assistance,other,housing_navigation,veteran_support,,,,FL,211,,https://firstcontact.org/,,Veteran services navigation candidate.,Phone/intake resource; confirm specific program details.,Pinellas County,false,,,unknown,pending,true,https://firstcontact.org/,official,medium,,,intake_only_no_address,false,medium,needs_review,Phone/web intake resource only.,phone_web_intake,,veterans,government,,veterans
resource_first_contact_pinellas_rapid_re_housing_collaborative,provider_first_contact,First Contact,First Contact,First Contact,Pinellas Rapid Re-Housing Collaborative,other,housing_assistance,other,housing_navigation,housing_support,,,,FL,211,,https://firstcontact.org/,,Rapid re-housing navigation candidate.,Phone/intake resource; confirm program route before import.,Pinellas County,false,true,true,unknown,pending,true,https://firstcontact.org/,official,medium,,,intake_only_no_address,false,medium,needs_review,Phone/web intake resource only.,phone_web_intake,,general,government,,
resource_hope_villages_of_america_the_haven_emergency_safe_house,provider_hope_villages_of_america,Hope Villages of America,Hope Villages of America,Hope Villages of America,The Haven Emergency Safe House,shelter,shelter,shelter,dv,domestic_violence_shelter,,,,FL,,,https://hopevillagesofamerica.org/,,Domestic violence emergency safe house candidate.,Confidential/sensitive location. Use intake contact only unless public address is verified safe.,Pinellas County,false,,,unknown,pending,true,https://hopevillagesofamerica.org/,official,high,,,confidential_no_map,false,high,needs_review,Confidential DV safe house. Do not map.,confidential_phone_web,,general,nonprofit,,"domestic_violence,hotline,confidential_location"
resource_hope_villages_of_america_outreach_center,provider_hope_villages_of_america,Hope Villages of America,Hope Villages of America,Hope Villages of America,Outreach Center,other,community_center,other,drop_in_center,outreach_center,,,,FL,,,https://hopevillagesofamerica.org/,,Outreach center candidate.,Verify public address and hours before map import.,Pinellas County,true,,,unknown,pending,true,https://hopevillagesofamerica.org/,official,medium,,,intake_only_no_address,false,medium,needs_review,Needs public address confirmation.,phone_web_intake,,families,nonprofit,,
resource_hope_villages_of_america_food_distribution_and_basic_needs,provider_hope_villages_of_america,Hope Villages of America,Hope Villages of America,Hope Villages of America,Food Distribution and Basic Needs,food,food,food,groceries,food_assistance,,Clearwater,FL,33756,,,https://hopevillagesofamerica.org/,,Food and basic needs support candidate.,Verify current pantry/distribution schedule before import.,Pinellas County,true,,,unknown,pending,true,https://hopevillagesofamerica.org/,official,medium,27.94421,-82.79216,zip_centroid_estimate,true,medium,ready_for_import,,physical_site,,general,nonprofit,,walk_in_friendly
resource_hope_villages_of_america_housing_stability_services,provider_hope_villages_of_america,Hope Villages of America,Hope Villages of America,Hope Villages of America,Housing Stability Services,other,housing_assistance,other,housing_navigation,housing_support,,Clearwater,FL,33756,,,https://hopevillagesofamerica.org/,,Housing stability / housing support candidate.,Verify intake process before import.,Pinellas County,false,true,true,unknown,pending,true,https://hopevillagesofamerica.org/,official,medium,27.94421,-82.79216,zip_centroid_estimate,true,medium,ready_for_import,,physical_site,,general,nonprofit,,
resource_hope_villages_of_america_express_center,provider_hope_villages_of_america,Hope Villages of America,Hope Villages of America,Hope Villages of America,Express Center,other,community_center,other,drop_in_center,express_center,,Clearwater,FL,33755,,,https://hopevillagesofamerica.org/,,Express center candidate.,Verify services offered at location before import.,Pinellas County,true,,,unknown,pending,true,https://hopevillagesofamerica.org/,official,medium,27.979046,-82.78302,zip_centroid_estimate,true,medium,ready_for_import,,physical_site,,families,nonprofit,,
resource_casa_pinellas_domestic_violence_shelter_and_support_services,provider_casa_pinellas,CASA Pinellas,CASA Pinellas,CASA Pinellas,Domestic Violence Shelter and Support Services,shelter,shelter,shelter,crisis_support,domestic_violence_support,,St. Petersburg,FL,33701,727-895-4912,,https://casa-stpete.org/,,Domestic violence shelter/support services candidate.,Confidential/sensitive services. Map only public office if safe.,Pinellas County,false,,,unknown,pending,true,https://casa-stpete.org/,state_coalition + official,high,27.77189,-82.63835,zip_centroid_estimate,true,high,ready_for_import,Use public-facing location/intake only; shelter location may be confidential.,confidential_phone_web,,domestic_violence_survivors,nonprofit,,domestic_violence
resource_pinellas_safe_harbor_emergency_shelter_jail_diversion,provider_pinellas_safe_harbor,Pinellas Safe Harbor,Pinellas Safe Harbor,Pinellas Safe Harbor,Emergency Shelter / Jail Diversion,shelter,shelter,shelter,emergency,emergency_shelter,,,,FL,,,https://pinellas.gov/,,Emergency shelter / jail diversion candidate.,Verify current public intake process and address before map import.,Pinellas County,true,,,unknown,pending,true,https://pinellas.gov/,county_directory,medium,,,intake_only_no_address,false,high,needs_review,Needs address confirmation before map import.,phone_intake,,general,nonprofit,,
resource_pinellas_hope_catholic_charities_emergency_shelter,provider_pinellas_hope_catholic_charities,Pinellas Hope (Catholic Charities),Pinellas Hope / Catholic Charities,Pinellas Hope (Catholic Charities),Emergency Shelter,shelter,shelter,shelter,emergency,emergency_shelter,5726 126th Ave N,Clearwater,FL,33760,,,https://www.ccdosp.org/pinellas-hope/,,Emergency shelter candidate.,Verify current capacity and intake requirements before import.,Pinellas County,true,,,unknown,pending,true,https://www.ccdosp.org/pinellas-hope/,organization_site,high,27.8836,-82.7167,address_verified,true,high,ready_for_import,,physical_site,,general,"nonprofit,faith_based",,walk_in_friendly
resource_pinellas_hope_catholic_charities_medical_respite_program,provider_pinellas_hope_catholic_charities,Pinellas Hope (Catholic Charities),Pinellas Hope / Catholic Charities,Pinellas Hope (Catholic Charities),Medical Respite Program,medical,medical,medical,recuperative_care,medical_respite,5726 126th Ave N,Clearwater,FL,33760,,,https://www.ccdosp.org/pinellas-hope/,,Medical respite candidate.,Confirm referral and eligibility process before import.,Pinellas County,false,true,true,unknown,pending,true,https://www.ccdosp.org/pinellas-hope/,organization_site,high,27.8836,-82.7167,address_verified,true,medium,ready_for_import,,physical_site,,general,"nonprofit,faith_based",
resource_pinellas_hope_catholic_charities_adult_education_and_job_readiness,provider_pinellas_hope_catholic_charities,Pinellas Hope (Catholic Charities),Pinellas Hope / Catholic Charities,Pinellas Hope (Catholic Charities),Adult Education and Job Readiness,work_exchange,employment,work_exchange,job_training,job_readiness,5726 126th Ave N,Clearwater,FL,33760,,,https://www.ccdosp.org/pinellas-hope/,,Adult education and job readiness candidate.,Verify whether service is restricted to residents before import.,Pinellas County,false,,,unknown,pending,true,https://www.ccdosp.org/pinellas-hope/,organization_site,high,27.8836,-82.7167,address_verified,true,medium,ready_for_import,,physical_site,,general,"nonprofit,faith_based",
resource_pinellas_hope_catholic_charities_substance_abuse_and_mental_health_referrals,provider_pinellas_hope_catholic_charities,Pinellas Hope (Catholic Charities),Pinellas Hope / Catholic Charities,Pinellas Hope (Catholic Charities),Substance Abuse and Mental Health Referrals,medical,medical,medical,counseling,behavioral_health,5726 126th Ave N,Clearwater,FL,33760,,,https://www.ccdosp.org/pinellas-hope/,,Behavioral health referral candidate.,Verify service scope and referral process before import.,Pinellas County,false,true,true,unknown,pending,true,https://www.ccdosp.org/pinellas-hope/,organization_site,high,27.8836,-82.7167,address_verified,true,medium,ready_for_import,,physical_site,,general,"nonprofit,faith_based",
resource_pinellas_county_health_program_pinellas_county_offices,provider_pinellas_county_health_program,Pinellas County Health Program,Pinellas County Health Program,Pinellas County Health Program,Pinellas County Offices,medical,medical,medical,primary_care,free_clinic,,Clearwater,FL,33756,727-464-4200,,https://pinellas.gov/programs/health-program/,,Health program candidate.,Confirm clinic/access locations before importing as physical site.,Pinellas County,false,true,false,unknown,pending,true,https://pinellas.gov/programs/health-program/,government_site,high,27.94421,-82.79216,zip_centroid_estimate,true,medium,ready_for_import,,physical_site,,general,government,,
resource_pinellas_coalition_to_end_homelessness_coordinated_entry_and_resource_navigation,provider_pinellas_coalition_to_end_homelessness,Pinellas Coalition to End Homelessness,Pinellas Coalition to End Homelessness,Pinellas Coalition to End Homelessness,Coordinated Entry and Resource Navigation,other,community_center,other,resource_navigation,resource_navigation,,Pinellas County,FL,,727-582-7914,,https://www.pinellashomeless.org/,,Coordinated entry/resource navigation candidate.,Verify whether this should appear as phone/web intake only.,Pinellas County,false,true,true,unknown,pending,true,https://www.pinellashomeless.org/,organization_site,high,27.8764,-82.7779,zip_centroid_estimate,true,high,ready_for_import,Countywide coordinate estimate; not a precise service desk unless verified.,phone_web_intake,,general,nonprofit,,
resource_hillsborough_county_social_services_homeless_services_and_navigation,provider_hillsborough_county_social_services,Hillsborough County Social Services,Hillsborough County Social Services,Hillsborough County Social Services,Homeless Services and Navigation,other,community_center,other,resource_navigation,resource_navigation,,Tampa,FL,33602,813-272-5220,,https://www.hillsboroughcounty.org/en/residents/social-services/homeless-services,,County homeless services/navigation candidate.,Verify exact office/service location before import.,Hillsborough County,false,true,false,unknown,pending,true,https://www.hillsboroughcounty.org/en/residents/social-services/homeless-services,county_government_site,high,27.9614,-82.4597,zip_centroid_estimate,true,high,ready_for_import,,phone_web_intake,,general,government,,
resource_first_contact_211_community_resource_connections,provider_first_contact,First Contact,First Contact,First Contact,211 Community Resource Connections,other,community_center,other,resource_navigation,resource_navigation,,,,FL,211,,https://firstcontact.org/,,211 resource navigation and referral candidate.,Phone/web resource. Do not map as a physical site.,Pinellas County,false,,,unknown,pending,true,https://firstcontact.org/,organization_site,high,,,intake_only_no_address,false,high,needs_review,Phone/web intake resource only.,phone_web_intake,,general,government,,
resource_casa_pinellas_hotline_crisis_support,provider_casa_pinellas,CASA Pinellas,CASA Pinellas,CASA Pinellas,Hotline / Crisis Support,other,crisis_services,other,hotline,crisis_hotline,,,,FL,727-895-4912,,https://casa-stpete.org/,,Domestic violence hotline/crisis support candidate.,Phone/web resource. Do not map as a shelter location.,Pinellas County,false,,,unknown,pending,true,https://casa-stpete.org/,organization_site,high,,,confidential_no_map,false,high,needs_review,Hotline resource only; no map marker.,phone_intake,,general,nonprofit,,"domestic_violence,hotline,confidential_location"
resource_hope_villages_of_america_emergency_safe_house_intake,provider_hope_villages_of_america,Hope Villages of America,Hope Villages of America,Hope Villages of America,Emergency Safe House Intake,other,crisis_services,other,hotline,hotline_intake,,,,FL,,,https://hopevillagesofamerica.org/,,Emergency safe house intake candidate.,Confidential/sensitive location. Do not map safe house location.,Pinellas County,false,,,unknown,pending,true,https://hopevillagesofamerica.org/,organization_site,high,,,confidential_no_map,false,high,needs_review,Confidential intake only.,confidential_phone_web,,general,nonprofit,,"domestic_violence,hotline,confidential_location"
resource_saint_francis_house_shelter_and_basic_needs,provider_saint_francis_house,Saint Francis House,Saint Francis House,Saint Francis House,Shelter and Basic Needs,shelter,shelter,shelter,emergency,emergency_shelter,,St. Petersburg,FL,33701,,,https://stfrancishouse.org/,,Shelter/basic needs candidate.,Verify address and intake before import.,Pinellas County,true,,,unknown,pending,true,https://stfrancishouse.org/,organization_site,medium,27.77189,-82.63835,zip_centroid_estimate,true,medium,ready_for_import,,physical_site,,general,nonprofit,,walk_in_friendly
resource_st_vincent_de_paul_cares_resource_center_and_shelter_services,provider_st_vincent_de_paul_cares,St. Vincent de Paul CARES,St. Vincent de Paul CARES,St. Vincent de Paul CARES,Resource Center and Shelter Services,shelter,shelter,shelter,service_center,service_center,,St. Petersburg,FL,33701,,,https://svdpsp.org/,,Resource center/shelter services candidate.,Verify exact resource center services before import.,Pinellas County,true,,,unknown,pending,true,https://svdpsp.org/,organization_site,medium,27.77189,-82.63835,zip_centroid_estimate,true,medium,ready_for_import,,physical_site,,general,nonprofit,,walk_in_friendly
resource_lighthouse_ministries_shelter_and_meal_services,provider_lighthouse_ministries,Lighthouse Ministries,Lighthouse Ministries,Lighthouse Ministries,Shelter and Meal Services,shelter,shelter,shelter,emergency,emergency_shelter,,Lakeland,FL,33801,,,https://lighthousemin.org/,,Shelter/meal services candidate.,Verify current location and intake requirements before import.,Polk County,true,,,unknown,pending,true,https://lighthousemin.org/,organization_site,medium,28.03947,-81.9498,zip_centroid_estimate,true,high,ready_for_import,,physical_site,,general,faith_based,,walk_in_friendly
resource_talbot_house_ministries_good_samaritan_free_clinic,provider_talbot_house_ministries,Talbot House Ministries,Talbot House Ministries,Talbot House Ministries,Good Samaritan Free Clinic,medical,medical,medical,primary_care,free_clinic,,Lakeland,FL,33801,,,https://talbothouse.org/,,Free clinic candidate.,Verify clinic schedule and eligibility before import.,Polk County,false,,,unknown,pending,true,https://talbothouse.org/,organization_site,medium,28.03947,-81.9498,zip_centroid_estimate,true,medium,ready_for_import,,physical_site,,general,"nonprofit,faith_based",
resource_talbot_house_ministries_good_samaritan_food_pantry,provider_talbot_house_ministries,Talbot House Ministries,Talbot House Ministries,Talbot House Ministries,Good Samaritan Food Pantry,food,food,food,pantry,food_pantry,,Lakeland,FL,33801,,,https://talbothouse.org/,,Food pantry candidate.,Verify pantry schedule before import.,Polk County,true,,,unknown,pending,true,https://talbothouse.org/,organization_site,medium,28.03947,-81.9498,zip_centroid_estimate,true,medium,ready_for_import,,physical_site,,general,"nonprofit,faith_based",,walk_in_friendly
resource_talbot_house_ministries_affordable_housing_rehousing_referrals,provider_talbot_house_ministries,Talbot House Ministries,Talbot House Ministries,Talbot House Ministries,Affordable Housing / Rehousing Referrals,other,housing_assistance,other,housing_navigation,housing_support,,Polk County,FL,,,,https://talbothouse.org/,,Housing/referral candidate.,County-level coordinate only; verify exact service location before map import.,Polk County,false,true,true,unknown,pending,true,https://talbothouse.org/,organization_site,medium,,,zip_centroid_estimate,false,medium,needs_review,Needs exact location before map import.,phone_web_intake,,general,"nonprofit,faith_based",
resource_lighthouse_ministries_job_training_and_life_learning,provider_lighthouse_ministries,Lighthouse Ministries,Lighthouse Ministries,Lighthouse Ministries,Job Training and Life Learning,work_exchange,employment,work_exchange,job_training,job_readiness,,Lakeland,FL,33801,,,https://lighthousemin.org/,,Job training/life skills candidate.,Verify whether program is resident-only.,Polk County,false,,,unknown,pending,true,https://lighthousemin.org/,organization_site,medium,28.03947,-81.9498,zip_centroid_estimate,true,medium,ready_for_import,,physical_site,,general,faith_based,,
resource_catholic_charities_tampa_hope_emergency_shelter_temporary_housing,provider_catholic_charities_tampa_hope,Catholic Charities Tampa Hope,Catholic Charities Tampa Hope,Catholic Charities Tampa Hope,Emergency Shelter / Temporary Housing,shelter,shelter,shelter,emergency,emergency_shelter,,Tampa,FL,33605,,,https://www.ccdosp.org/tampa-hope/,,Emergency shelter / temporary housing candidate.,Verify exact intake and public address before map import.,Hillsborough County,true,,,unknown,pending,true,https://www.ccdosp.org/tampa-hope/,organization_site,medium,,,zip_centroid_estimate,false,medium,needs_review,Missing coordinates; geocode before map import.,physical_site,,general,"nonprofit,faith_based",,walk_in_friendly
resource_jwb_childrens_services_council_of_pinellas_youth_family_support_navigation,provider_jwb_childrens_services_council_of_pinellas,JWB Children's Services Council of Pinellas,JWB Children's Services Council of Pinellas,JWB Children's Services Council of Pinellas,Youth / Family Support Navigation,other,community_center,other,family_support,family_support,,Clearwater,FL,33756,,,https://www.jwbpinellas.org/,,Youth/family support navigation candidate.,Verify resource scope before import.,Pinellas County,false,,,unknown,pending,true,https://www.jwbpinellas.org/,government_site,medium,,,zip_centroid_estimate,false,medium,needs_review,Needs exact program/location decision.,phone_web_intake,,"youth,families",government,,
resource_rcs_pinellas_food_pantry_assistance,provider_rcs_pinellas,RCS Pinellas,RCS Pinellas,RCS Pinellas,Food Pantry / Assistance,food,food,food,pantry,food_pantry,,Pinellas Park,FL,33781,,,https://rcspinellas.org/,,Food pantry/assistance candidate.,Verify address and pantry schedule before import.,Pinellas County,true,,,unknown,pending,true,https://rcspinellas.org/,organization_site,medium,,,zip_centroid_estimate,false,medium,needs_review,Needs geocode/address confirmation before map import.,physical_site,,general,nonprofit,,walk_in_friendly
resource_metropolitan_ministries_pasquotank_tent_campus_style_support,provider_metropolitan_ministries,Metropolitan Ministries,Metropolitan Ministries,Metropolitan Ministries,Pasquotank Tent Campus-style Support,shelter,shelter,shelter,emergency,emergency_shelter,2002 N Florida Ave,Tampa,FL,33602,813-209-1000,,https://www.metromin.org/,,Emergency housing/tent campus style support candidate.,Verify program naming. Row retained as candidate because source text suggests temporary housing support.,Hillsborough County,true,,,unknown,pending,true,https://www.metromin.org/,organization_site,medium,27.9614,-82.4597,address_verified,true,medium,ready_for_import,Potential duplicate of Metropolitan Ministries emergency shelter; review before live import.,physical_site,,general,"nonprofit,faith_based",,walk_in_friendly
resource_hillsborough_county_social_services_financial_assistance_and_homeless_prevention,provider_hillsborough_county_social_services,Hillsborough County Social Services,Hillsborough County Social Services,Hillsborough County Social Services,Financial Assistance and Homeless Prevention,other,housing_assistance,other,housing_navigation,housing_support,,Tampa,FL,33602,813-272-5220,,https://www.hillsboroughcounty.org/en/residents/social-services/financial-assistance,,Housing stability / financial assistance candidate.,Verify eligibility and application process before import.,Hillsborough County,false,true,false,unknown,pending,true,https://www.hillsboroughcounty.org/en/residents/social-services/financial-assistance,county_government_site,high,27.9614,-82.4597,zip_centroid_estimate,true,high,ready_for_import,,phone_web_intake,,general,government,,
resource_careersource_tampa_bay_tampa_center,provider_careersource_tampa_bay,CareerSource Tampa Bay,CareerSource Tampa Bay,CareerSource Tampa Bay,Tampa Center,work_exchange,employment,work_exchange,career_center,career_center,,Tampa,FL,33614,813-930-7400,,https://www.careersourcetampabay.com/locations/,,Career center / employment resource.,Verify address and hours before import.,Hillsborough County,true,,,unknown,pending,true,https://www.careersourcetampabay.com/locations/,official,high,28.00619,-82.50598,zip_centroid_estimate,true,high,ready_for_import,,physical_site,,general,government,,walk_in_friendly
resource_careersource_tampa_bay_tampa_center_2,provider_careersource_tampa_bay,CareerSource Tampa Bay,CareerSource Tampa Bay,CareerSource Tampa Bay,Tampa Center 2,work_exchange,employment,work_exchange,career_center,career_center,,Tampa,FL,33619,813-930-7400,,https://www.careersourcetampabay.com/locations/,,Career center / employment resource.,Verify whether separate location from Tampa Center before import.,Hillsborough County,true,,,unknown,pending,true,https://www.careersourcetampabay.com/locations/,official,high,27.93536,-82.37841,zip_centroid_estimate,true,medium,ready_for_import,Potential duplicate/alternate Tampa location. Review before live import.,physical_site,,general,government,,walk_in_friendly
resource_catholic_charities_dosp_refugee_resettlement_and_case_management,provider_catholic_charities_dosp,Catholic Charities DOSP,Catholic Charities DOSP,Catholic Charities DOSP,Refugee Resettlement and Case Management,other,community_center,other,supportive_services,supportive_services,,Tampa,FL,33607,,,https://www.ccdosp.org/,,Case management/supportive services candidate.,Verify target population and office before import.,Hillsborough County,false,true,false,unknown,pending,true,https://www.ccdosp.org/,organization_site,high,27.9614,-82.4597,zip_centroid_estimate,true,medium,ready_for_import,,physical_site,,general,"nonprofit,faith_based",
resource_herlando_county_parks_recreation_linda_pedersen_park_at_jenkins_creek,provider_hernando_county_parks_recreation,HERLANDO County Parks & Recreation,Hernando County Parks,Hernando County Parks & Recreation,Linda Pedersen Park at Jenkins Creek,outdoor_space,day_use_space,outdoor_space,park,day_use_park_with_showers,6400 Shoal Line Blvd,Spring Hill,FL,34607,,,https://www.hernandocounty.us/departments/departments-n-z/parks-and-recreation,,Public day-use park with restrooms/showers candidate.,Verify shower/restroom access and hours before import.,Hernando County,true,false,false,unknown,pending,true,https://www.hernandocounty.us/departments/departments-n-z/parks-and-recreation,government_site,high,28.5297,-82.6255,address_verified,true,high,ready_for_import,Provider name typo in source row retained; canonical provider fixes spelling.,physical_site,,general,government,"showers,restrooms,outdoor_space,parking","day_use_space,outdoor_space,walk_in_friendly"
resource_hernando_county_parks_recreation_bayport_park,provider_hernando_county_parks_recreation,Hernando County Parks & Recreation,Hernando County Parks,Hernando County Parks & Recreation,Bayport Park,outdoor_space,day_use_space,outdoor_space,park,day_use_park_with_restrooms,4140 Cortez Blvd,Spring Hill,FL,34607,,,https://www.hernandocounty.us/departments/departments-n-z/parks-and-recreation,,Public day-use park with restrooms candidate.,Verify restroom access and hours before import.,Hernando County,true,false,false,unknown,pending,true,https://www.hernandocounty.us/departments/departments-n-z/parks-and-recreation,government_site,high,28.5312,-82.6507,address_verified,true,high,ready_for_import,,physical_site,,general,government,"restrooms,outdoor_space,parking","day_use_space,outdoor_space,walk_in_friendly"
resource_hernando_county_parks_recreation_cody_s_roadside_park,provider_hernando_county_parks_recreation,Hernando County Parks & Recreation,Hernando County Parks,Hernando County Parks & Recreation,Cody's Roadside Park,outdoor_space,day_use_space,outdoor_space,park,day_use_park_with_restrooms,3100 Shoal Line Blvd,Hernando Beach,FL,34607,,,https://www.hernandocounty.us/departments/departments-n-z/parks-and-recreation,,Public day-use park/rest area candidate.,Verify restroom access and hours before import.,Hernando County,true,false,false,unknown,pending,true,https://www.hernandocounty.us/departments/departments-n-z/parks-and-recreation,government_site,high,28.4949,-82.652,address_verified,true,high,ready_for_import,,physical_site,,general,government,"restrooms,outdoor_space,parking","day_use_space,outdoor_space,walk_in_friendly"
resource_hernando_county_parks_recreation_bayou_drive_park,provider_hernando_county_parks_recreation,Hernando County Parks & Recreation,Hernando County Parks,Hernando County Parks & Recreation,Bayou Drive Park,outdoor_space,day_use_space,outdoor_space,park,day_use_park_with_restrooms,Bayou Dr,Hernando Beach,FL,34607,,,https://www.hernandocounty.us/departments/departments-n-z/parks-and-recreation,,Public day-use park/rest area candidate.,Verify amenities and hours before import.,Hernando County,true,false,false,unknown,pending,true,https://www.hernandocounty.us/departments/departments-n-z/parks-and-recreation,government_site,medium,28.4935,-82.657,address_verified,true,medium,ready_for_import,,physical_site,,general,government,"restrooms,outdoor_space,parking","day_use_space,outdoor_space,walk_in_friendly"
resource_hernando_county_parks_recreation_bayou_drive_parking,provider_hernando_county_parks_recreation,Hernando County Parks & Recreation,Hernando County Parks,Hernando County Parks & Recreation,Bayou Drive Parking,outdoor_space,day_use_space,outdoor_space,park,day_use_park_with_restrooms,Bayou Dr,Hernando Beach,FL,34607,,,https://www.hernandocounty.us/departments/departments-n-z/parks-and-recreation,,Parking/day-use access candidate.,Review whether this should merge into Bayou Drive Park.,Hernando County,true,false,false,unknown,pending,true,https://www.hernandocounty.us/departments/departments-n-z/parks-and-recreation,government_site,medium,28.4938,-82.656,address_verified,true,medium,ready_for_import,Potential duplicate/supporting amenity for Bayou Drive Park.,physical_site,,general,government,"restrooms,outdoor_space,parking","day_use_space,outdoor_space,walk_in_friendly"
resource_hernando_county_parks_recreation_blue_pelican_marina,provider_hernando_county_parks_recreation,Hernando County Parks & Recreation,Hernando County Parks,Hernando County Parks & Recreation,Blue Pelican Marina,outdoor_space,day_use_space,outdoor_space,park,day_use_park_with_restrooms,5000 Calienta St,Hernando Beach,FL,34607,,,https://www.hernandocounty.us/departments/departments-n-z/parks-and-recreation,,Public marina/day-use access candidate.,Verify public restroom/day-use access before import.,Hernando County,true,false,false,unknown,pending,true,https://www.hernandocounty.us/departments/departments-n-z/parks-and-recreation,government_site,medium,28.4904,-82.659,address_verified,true,medium,ready_for_import,,physical_site,,general,government,"restrooms,outdoor_space,parking","day_use_space,outdoor_space,walk_in_friendly"
resource_hernando_county_parks_recreation_bonnet_pond,provider_hernando_county_parks_recreation,Hernando County Parks & Recreation,Hernando County Parks,Hernando County Parks & Recreation,Bonnet Pond,outdoor_space,day_use_space,outdoor_space,park,primitive_campground,28250 Lake Lindsey Rd,Brooksville,FL,34601,,,https://www.hernandocounty.us/departments/departments-n-z/parks-and-recreation,,Primitive campground/day-use site candidate.,Verify public access, fees, and amenities before import.,Hernando County,true,false,false,unknown,pending,true,https://www.hernandocounty.us/departments/departments-n-z/parks-and-recreation,government_site,medium,28.6522,-82.265,address_verified,true,medium,ready_for_import,,physical_site,,general,government,"outdoor_space,parking,restrooms","day_use_space,outdoor_space,walk_in_friendly"
resource_hernando_county_parks_recreation_cypress_lakes_preserve,provider_hernando_county_parks_recreation,Hernando County Parks & Recreation,Hernando County Parks,Hernando County Parks & Recreation,Cypress Lakes Preserve,outdoor_space,day_use_space,outdoor_space,park,campground,25598 Ridge Manor Blvd,Ridge Manor,FL,33523,,,https://www.hernandocounty.us/departments/departments-n-z/parks-and-recreation,,Preserve/campground candidate.,Verify public restroom/day-use facilities before import.,Hernando County,true,false,false,unknown,pending,true,https://www.hernandocounty.us/departments/departments-n-z/parks-and-recreation,government_site,medium,28.541,-82.163,address_verified,true,medium,ready_for_import,,physical_site,,general,government,"outdoor_space,parking,restrooms","day_use_space,outdoor_space,walk_in_friendly"
resource_hernando_county_parks_recreation_john_law_ayers_park,provider_hernando_county_parks_recreation,Hernando County Parks & Recreation,Hernando County Parks,Hernando County Parks & Recreation,John Law Ayers Park,outdoor_space,day_use_space,outdoor_space,park,day_use_park_with_restrooms,9200 Ayers Rd,Brooksville,FL,34601,,,https://www.hernandocounty.us/departments/departments-n-z/parks-and-recreation,,Public day-use park/rest area candidate.,Verify amenities and hours before import.,Hernando County,true,false,false,unknown,pending,true,https://www.hernandocounty.us/departments/departments-n-z/parks-and-recreation,government_site,medium,28.568,-82.476,address_verified,true,medium,ready_for_import,,physical_site,,general,government,"restrooms,outdoor_space,parking","day_use_space,outdoor_space,walk_in_friendly"
resource_hernando_county_parks_recreation_linda_pedersen_park,provider_hernando_county_parks_recreation,Hernando County Parks & Recreation,Hernando County Parks,Hernando County Parks & Recreation,Linda Pedersen Park,outdoor_space,day_use_space,outdoor_space,park,day_use_park_with_showers,6400 Shoal Line Blvd,Spring Hill,FL,34607,,,https://www.hernandocounty.us/departments/departments-n-z/parks-and-recreation,,Public day-use park with restrooms/showers candidate.,Potential duplicate of Linda Pedersen Park at Jenkins Creek. Review merge before live import.,Hernando County,true,false,false,unknown,pending,true,https://www.hernandocounty.us/departments/departments-n-z/parks-and-recreation,government_site,high,28.5297,-82.6255,address_verified,true,medium,ready_for_import,Potential duplicate of Linda Pedersen Park at Jenkins Creek.,physical_site,,general,government,"showers,restrooms,outdoor_space,parking","day_use_space,outdoor_space,walk_in_friendly"
resource_hernando_county_parks_recreation_mary_s_fish_camp,provider_hernando_county_parks_recreation,Hernando County Parks & Recreation,Hernando County Parks,Hernando County Parks & Recreation,Mary's Fish Camp,outdoor_space,day_use_space,outdoor_space,park,day_use_park_with_restrooms,8092 Marys Fish Camp Rd,Spring Hill,FL,34607,,,https://www.hernandocounty.us/departments/departments-n-z/parks-and-recreation,,Public campground/day-use site candidate.,Verify public restroom/day-use access before import.,Hernando County,true,false,false,unknown,pending,true,https://www.hernandocounty.us/departments/departments-n-z/parks-and-recreation,government_site,medium,28.521,-82.616,address_verified,true,medium,ready_for_import,,physical_site,,general,government,"restrooms,outdoor_space,parking","day_use_space,outdoor_space,walk_in_friendly"
resource_hernando_county_parks_recreation_pine_island_park,provider_hernando_county_parks_recreation,Hernando County Parks & Recreation,Hernando County Parks,Hernando County Parks & Recreation,Pine Island Park,outdoor_space,day_use_space,outdoor_space,park,day_use_park_with_restrooms,10840 Pine Island Dr,Spring Hill,FL,34607,,,https://www.hernandocounty.us/departments/departments-n-z/parks-and-recreation,,Public beach/day-use park candidate.,Verify amenities/hours/parking before import.,Hernando County,true,false,false,unknown,pending,true,https://www.hernandocounty.us/departments/departments-n-z/parks-and-recreation,government_site,high,28.568,-82.659,address_verified,true,high,ready_for_import,,physical_site,,general,government,"restrooms,outdoor_space,parking","day_use_space,outdoor_space,walk_in_friendly"
resource_hernando_county_parks_recreation_rogers_park,provider_hernando_county_parks_recreation,Hernando County Parks & Recreation,Hernando County Parks,Hernando County Parks & Recreation,Rogers Park,outdoor_space,day_use_space,outdoor_space,park,day_use_park_with_restrooms,7244 Shoal Line Blvd,Weeki Wachee,FL,34607,,,https://www.hernandocounty.us/departments/departments-n-z/parks-and-recreation,,Public day-use park/rest area candidate.,Verify amenities and hours before import.,Hernando County,true,false,false,unknown,pending,true,https://www.hernandocounty.us/departments/departments-n-z/parks-and-recreation,government_site,high,28.5365,-82.633,address_verified,true,high,ready_for_import,,physical_site,,general,government,"restrooms,outdoor_space,parking","day_use_space,outdoor_space,walk_in_friendly"
resource_hernando_county_parks_recreation_s_quirrel_prairie_scrub_preserve,provider_hernando_county_parks_recreation,Hernando County Parks & Recreation,Hernando County Parks,Hernando County Parks & Recreation,S?quirrel Prairie Scrub Preserve,outdoor_space,day_use_space,outdoor_space,park,day_use_park_with_restrooms,,Brooksville,FL,34614,,,https://www.hernandocounty.us/departments/departments-n-z/parks-and-recreation,,Public preserve candidate.,Name contains source artifact; verify official spelling and amenities before import.,Hernando County,true,false,false,unknown,pending,true,https://www.hernandocounty.us/departments/departments-n-z/parks-and-recreation,government_site,medium,28.611,-82.49,zip_centroid_estimate,true,medium,ready_for_import,Correct official name before live import.,physical_site,,general,government,"restrooms,outdoor_space,parking","day_use_space,outdoor_space,walk_in_friendly"
resource_hernando_county_parks_recreation_weeki_wachee_preserve,provider_hernando_county_parks_recreation,Hernando County Parks & Recreation,Hernando County Parks,Hernando County Parks & Recreation,Weeki Wachee Preserve,outdoor_space,day_use_space,outdoor_space,park,day_use_park_with_restrooms,2345 Osowaw Blvd,Spring Hill,FL,34607,,,https://www.hernandocounty.us/departments/departments-n-z/parks-and-recreation,,Public preserve/day-use site candidate.,Verify restroom/amenity access before import.,Hernando County,true,false,false,unknown,pending,true,https://www.hernandocounty.us/departments/departments-n-z/parks-and-recreation,government_site,high,28.501,-82.604,address_verified,true,high,ready_for_import,,physical_site,,general,government,"restrooms,outdoor_space,parking","day_use_space,outdoor_space,walk_in_friendly"
resource_directions_for_living_behavioral_health_and_homeless_support,provider_directions_for_living,Directions for Living,Directions for Living,Directions for Living,Behavioral Health and Homeless Support,other,medical,medical,counseling,behavioral_health,,Clearwater,FL,33756,,,https://directionsforliving.org/,,Behavioral health/homeless support candidate.,Verify exact program and location before import.,Pinellas County,false,,,unknown,pending,true,https://directionsforliving.org/,organization_site,medium,27.94421,-82.79216,zip_centroid_estimate,true,medium,ready_for_import,,physical_site,,general,nonprofit,,
resource_operation_par_basic_needs_and_behavioral_health,provider_operation_par,Operation PAR,Operation PAR,Operation PAR,Basic Needs and Behavioral Health,other,medical,medical,counseling,behavioral_health,,Pinellas County,FL,,,,https://operationpar.org/,,Behavioral health/support services candidate.,Verify exact service site and eligibility before import.,Pinellas County,false,,,unknown,pending,true,https://operationpar.org/,organization_site,medium,27.8764,-82.7779,zip_centroid_estimate,true,medium,ready_for_import,County-level coordinate estimate; review before live map placement.,physical_site,,general,nonprofit,,
resource_personal_enrichment_through_mental_health_services_pemhs_crisis_stabilization_and_homeless_support,provider_personal_enrichment_through_mental_health_services_pemhs,Personal Enrichment through Mental Health Services (PEMHS),PEMHS,Personal Enrichment through Mental Health Services (PEMHS),Crisis Stabilization and Homeless Support,other,medical,medical,counseling,behavioral_health,11254 58th St N,Pinellas Park,FL,33782,,,https://pemhs.org/,,Crisis stabilization/behavioral health candidate.,Verify homeless-specific access and intake before import.,Pinellas County,false,true,false,unknown,pending,true,https://pemhs.org/,organization_site,medium,27.878,-82.712,address_verified,true,medium,ready_for_import,,physical_site,,general,nonprofit,,
resource_herlando_county_health_and_human_services_homeless_and_social_services_navigation,provider_herlando_county_health_and_human_services,HERLANDO County Health & Human Services,Hernando County Health & Human Services,HERLANDO County Health & Human Services,Homeless and Social Services Navigation,other,community_center,other,resource_navigation,resource_navigation,,Brooksville,FL,34601,,,https://www.hernandocounty.us/,,County social services/navigation candidate.,Fix provider spelling if confirmed; verify service location before import.,Hernando County,false,true,false,unknown,pending,true,https://www.hernandocounty.us/,county_government_site,medium,28.5522,-82.3885,zip_centroid_estimate,true,medium,ready_for_import,Provider name typo in source row retained; canonical provider partially fixes spelling.,phone_web_intake,,general,government,,
resource_dawn_center_of_hernando_county_domestic_violence_emergency_shelter_and_hotline,provider_dawn_center_of_hernando_county,Dawn Center of Hernando County,Dawn Center of Hernando County,Dawn Center of Hernando County,Domestic Violence Emergency Shelter & Hotline,shelter,shelter,shelter,dv,domestic_violence_shelter,,Spring Hill,FL,34606,352-686-8430,,https://www.dawncenter.org/,,Domestic violence shelter/hotline candidate.,Confidential shelter. Use hotline/intake only unless public office is safe to map.,Hernando County,false,,,unknown,pending,true,https://www.dawncenter.org/,state_coalition + official,high,,,confidential_no_map,false,high,needs_review,Confidential DV shelter; no map marker without public office verification.,confidential_phone_web,,domestic_violence_survivors,nonprofit,,"domestic_violence,hotline,confidential_location"
resource_herlando_county_food_bank_food_distribution,provider_herlando_county_food_bank,HERLANDO County Food Bank,Hernando County Food Bank,HERLANDO County Food Bank,Food Distribution,food,food,food,mobile_meal,food_distribution,,Brooksville,FL,34601,,,https://hernandofoodbank.org/,,Food distribution candidate.,Fix spelling if confirmed; verify distribution schedule and public site.,Hernando County,true,,,unknown,pending,true,https://hernandofoodbank.org/,organization_site,medium,28.5522,-82.3885,zip_centroid_estimate,true,medium,ready_for_import,Provider name typo in source row retained from source file.,physical_site,,general,nonprofit,,walk_in_friendly
resource_pasquotank_no_wait_confusion_placeholder_remove_or_review,provider_pasquotank_no_wait_confusion,Pasquotank No Wait Confusion,REMOVE/REVIEW,Pasquotank No Wait Confusion,Placeholder - Remove or Review,other,community_center,other,supportive_services,supportive_services,,,,FL,,,,,Ambiguous row created from unclear source terms.,Likely not a real Tampa Bay resource. Do not import unless source is identified.,,false,,,unknown,pending,false,,directory_listing,medium,,,intake_only_no_address,false,low,needs_review,Likely remove. Included only to avoid losing source note.,phone_web_intake,,general,nonprofit,,
resource_pasco_county_human_services_homeless_assistance_and_navigation,provider_pasco_county_human_services,Pasco County Human Services,Pasco County Human Services,Pasco County Human Services,Homeless Assistance and Navigation,other,community_center,other,resource_navigation,resource_navigation,,New Port Richey,FL,34652,727-834-3297,,https://www.pascocountyfl.net/,,County homeless assistance/navigation candidate.,Verify exact site and application process before import.,Pasco County,false,true,false,unknown,pending,true,https://www.pascocountyfl.net/,county_government_site,high,28.2442,-82.7193,zip_centroid_estimate,true,high,ready_for_import,,phone_web_intake,,general,government,,
resource_metropolitan_ministries_pasquotank_pasco_services,provider_metropolitan_ministries,Metropolitan Ministries,Metropolitan Ministries,Metropolitan Ministries,Pasco Services,food,food,food,groceries,food_assistance,,Holiday,FL,34691,,,https://www.metromin.org/,,Food/basic needs support candidate for Pasco service area.,Verify exact service site and schedule before import.,Pasco County,true,,,unknown,pending,true,https://www.metromin.org/,organization_site,medium,28.1878,-82.7395,zip_centroid_estimate,true,medium,ready_for_import,,physical_site,,general,"nonprofit,faith_based",,walk_in_friendly
resource_sunrise_of_pasco_county_domestic_violence_shelter_and_hotline,provider_sunrise_of_pasco_county,Sunrise of Pasco County,Sunrise of Pasco County,Sunrise of Pasco County,Domestic Violence Shelter and Hotline,shelter,shelter,shelter,dv,domestic_violence_shelter,,Dade City,FL,33525,,,https://www.sunrisepasco.org/,,Domestic violence shelter/hotline candidate.,Confidential shelter. Use intake/public office only if verified safe.,Pasco County,false,,,unknown,pending,true,https://www.sunrisepasco.org/,state_coalition + official,high,28.3647,-82.1959,zip_centroid_estimate,true,high,ready_for_import,Coordinate is city-level; do not map exact shelter if confidential.,confidential_phone_web,,domestic_violence_survivors,nonprofit,,"domestic_violence,hotline,confidential_location"
resource_one_community_now_resource_navigation_and_blessing_boxes,provider_one_community_now,One Community Now,One Community Now,One Community Now,Resource Navigation and Blessing Boxes,food,food,food,pantry,food_distribution,,Pasco County,FL,,,,https://onecommunitynow.com/,,Food distribution/resource navigation candidate.,Verify locations/schedules before import.,Pasco County,true,,,unknown,pending,true,https://onecommunitynow.com/,organization_site,medium,28.268,-82.487,zip_centroid_estimate,true,medium,ready_for_import,County-level coordinate estimate; review before live map placement.,physical_site,,general,nonprofit,,walk_in_friendly
resource_the_rope_center_food_and_basic_needs,provider_the_rope_center,The Rope Center,The Rope Center,The Rope Center,Food and Basic Needs,food,food,food,groceries,food_assistance,,Pasco County,FL,,,,https://theropecenter.org/,,Food/basic needs candidate.,Verify service site and schedule before import.,Pasco County,true,,,unknown,pending,true,https://theropecenter.org/,organization_site,medium,28.268,-82.487,zip_centroid_estimate,true,medium,ready_for_import,County-level coordinate estimate; review before live map placement.,physical_site,,general,nonprofit,,walk_in_friendly
resource_hernando_county_parks_recreation_alfred_mckethan_pine_island_park,provider_hernando_county_parks_recreation,Hernando County Parks & Recreation,Hernando County Parks,Hernando County Parks & Recreation,Alfred McKethan / Pine Island Park,outdoor_space,day_use_space,outdoor_space,park,day_use_park_with_restrooms,10840 Pine Island Dr,Spring Hill,FL,34607,,,https://www.hernandocounty.us/departments/departments-n-z/parks-and-recreation,,Public beach/day-use park candidate.,Potential duplicate of Pine Island Park row; review merge before live import.,Hernando County,true,false,false,unknown,pending,true,https://www.hernandocounty.us/departments/departments-n-z/parks-and-recreation,government_site,high,28.568,-82.659,address_verified,true,medium,ready_for_import,Potential duplicate of Pine Island Park.,physical_site,,general,government,"restrooms,outdoor_space,parking","day_use_space,outdoor_space,walk_in_friendly"
resource_pasco_county_parks_recreation_ankerberg_pioneer_park,provider_pasco_county_parks_recreation,Pasco County Parks & Recreation,Pasco County Parks,Pasco County Parks & Recreation,Ankerberg Pioneer Park,outdoor_space,day_use_space,outdoor_space,park,day_use_park_with_restrooms,2340 Moog Rd,Holiday,FL,34691,,,https://www.pascocountyfl.net/,,Public day-use park/rest area candidate.,Verify amenities/hours before import.,Pasco County,true,false,false,unknown,pending,true,https://www.pascocountyfl.net/,county_government_site,medium,28.187,-82.739,address_verified,true,medium,ready_for_import,,physical_site,,general,government,"restrooms,outdoor_space,parking","day_use_space,outdoor_space,walk_in_friendly"
resource_pasco_county_parks_recreation_key_vista_nature_park,provider_pasco_county_parks_recreation,Pasco County Parks & Recreation,Pasco County Parks,Pasco County Parks & Recreation,Key Vista Nature Park,outdoor_space,day_use_space,outdoor_space,park,day_use_park_with_restrooms,2700 Baillies Bluff Rd,Holiday,FL,34691,,,https://www.pascocountyfl.net/,,Public day-use park/nature park candidate.,Verify restroom access and hours before import.,Pasco County,true,false,false,unknown,pending,true,https://www.pascocountyfl.net/,county_government_site,medium,28.184,-82.785,address_verified,true,medium,ready_for_import,,physical_site,,general,government,"restrooms,outdoor_space,parking","day_use_space,outdoor_space,walk_in_friendly"
resource_pasco_county_parks_recreation_arthur_engle_memorial_park,provider_pasco_county_parks_recreation,Pasco County Parks & Recreation,Pasco County Parks,Pasco County Parks & Recreation,Arthur Engle Memorial Park,outdoor_space,day_use_space,outdoor_space,park,day_use_park_with_restrooms,3510 Moog Rd,Holiday,FL,34691,,,https://www.pascocountyfl.net/,,Public day-use park/rest area candidate.,Verify restroom access and hours before import.,Pasco County,true,false,false,unknown,pending,true,https://www.pascocountyfl.net/,county_government_site,medium,28.189,-82.732,address_verified,true,medium,ready_for_import,,physical_site,,general,government,"restrooms,outdoor_space,parking","day_use_space,outdoor_space,walk_in_friendly"
resource_manatee_county_human_services_homeless_services_navigation,provider_manatee_county_human_services,Manatee County Human Services,Manatee County Human Services,Manatee County Human Services,Homeless Services Navigation,other,community_center,other,resource_navigation,resource_navigation,,Bradenton,FL,34205,941-748-4501,,https://manatee.hosted.civiclive.com/departments/community_and_veterans_services,,County homeless services/navigation candidate.,Verify exact office/service route before import.,Manatee County,false,true,false,unknown,pending,true,https://manatee.hosted.civiclive.com/departments/community_and_veterans_services,county_government_site,high,27.4989,-82.5748,zip_centroid_estimate,true,high,ready_for_import,,phone_web_intake,,general,government,,
resource_hope_family_services_domestic_violence_shelter_24_hour_hotline,provider_hope_family_services,HOPE Family Services,HOPE Family Services,HOPE Family Services,Domestic Violence Shelter & 24-Hour Hotline,shelter,shelter,shelter,dv,domestic_violence_shelter,,Bradenton,FL,34205,941-755-6805,,https://hopefamilyservice.org/,,Domestic violence shelter/hotline candidate.,Confidential shelter. Do not map exact shelter unless public site is verified safe.,Manatee County,false,,,unknown,pending,true,https://hopefamilyservice.org/,state_coalition + official,high,,,confidential_no_map,false,high,needs_review,Confidential DV shelter; no map marker without public office verification.,confidential_phone_web,,domestic_violence_survivors,nonprofit,,"domestic_violence,hotline,confidential_location"
resource_turning_points_bradenton_one_stop_center,provider_turning_points_bradenton,Turning Points Bradenton,Turning Points Bradenton,Turning Points Bradenton,One Stop Center,other,community_center,other,drop_in_center,service_center,701 17th Ave W,Bradenton,FL,34205,,,https://tpmanatee.org/,,One-stop resource center candidate.,Verify services/hours before import.,Manatee County,true,,,unknown,pending,true,https://tpmanatee.org/,organization_site,high,27.486,-82.5705,address_verified,true,high,ready_for_import,,physical_site,,general,nonprofit,,walk_in_friendly
resource_turning_points_bradenton_medical_dental_clinic,provider_turning_points_bradenton,Turning Points Bradenton,Turning Points Bradenton,Turning Points Bradenton,Medical / Dental Clinic,medical,medical,medical,primary_care,free_clinic,701 17th Ave W,Bradenton,FL,34205,,,https://tpmanatee.org/,,Medical/dental clinic candidate.,Verify schedule and eligibility before import.,Manatee County,false,true,false,unknown,pending,true,https://tpmanatee.org/,organization_site,high,27.486,-82.5705,address_verified,true,medium,ready_for_import,,physical_site,,general,nonprofit,,
resource_turning_points_bradenton_clothing_and_showers,provider_turning_points_bradenton,Turning Points Bradenton,Turning Points Bradenton,Turning Points Bradenton,Clothing and Showers,other,community_center,other,supportive_services,supportive_services,701 17th Ave W,Bradenton,FL,34205,,,https://tpmanatee.org/,,Showers/clothing/basic needs candidate.,Consider category=hygiene if imported as standalone listing.,Manatee County,true,,,unknown,pending,true,https://tpmanatee.org/,organization_site,high,27.486,-82.5705,address_verified,true,medium,ready_for_import,Could be split into hygiene category if desired.,physical_site,,general,nonprofit,,walk_in_friendly
resource_suncoast_partnership_to_end_homelessness_coordinated_entry,provider_suncoast_partnership_to_end_homelessness,Suncoast Partnership to End Homelessness,Suncoast Partnership to End Homelessness,Suncoast Partnership to End Homelessness,Coordinated Entry,other,community_center,other,resource_navigation,resource_navigation,,Sarasota,FL,34236,,,https://www.suncoastpartnership.org/,,Coordinated entry candidate.,Phone/web resource; verify whether public office should be mapped.,Sarasota and Manatee Counties,false,true,true,unknown,pending,true,https://www.suncoastpartnership.org/,organization_site,high,27.3364,-82.5307,zip_centroid_estimate,true,medium,ready_for_import,County/city-level coordinate estimate; review before live map placement.,phone_web_intake,,general,nonprofit,,
resource_salvation_army_sarasota_center_of_hope,provider_salvation_army_sarasota,Salvation Army Sarasota,Salvation Army Sarasota,Salvation Army Sarasota,Center of Hope,shelter,shelter,shelter,emergency,emergency_shelter,1400 10th St,Sarasota,FL,34236,,,https://salvationarmyflorida.org/sarasota/,,Emergency shelter / Center of Hope candidate.,Verify current intake and capacity before import.,Sarasota County,true,,,unknown,pending,true,https://salvationarmyflorida.org/sarasota/,organization_site,medium,27.343,-82.542,address_verified,true,high,ready_for_import,,physical_site,,general,faith_based,,walk_in_friendly
resource_salvation_army_sarasota_food_pantry_and_meals,provider_salvation_army_sarasota,Salvation Army Sarasota,Salvation Army Sarasota,Salvation Army Sarasota,Food Pantry and Meals,food,food,food,pantry,food_pantry,1400 10th St,Sarasota,FL,34236,,,https://salvationarmyflorida.org/sarasota/,,Food pantry/meals candidate.,Verify schedule before import.,Sarasota County,true,,,unknown,pending,true,https://salvationarmyflorida.org/sarasota/,organization_site,medium,27.343,-82.542,address_verified,true,medium,ready_for_import,,physical_site,,general,faith_based,,walk_in_friendly
resource_st_vincent_de_paul_sarasota_shelter_and_basic_needs,provider_st_vincent_de_paul_sarasota,St. Vincent de Paul Sarasota,St. Vincent de Paul Sarasota,St. Vincent de Paul Sarasota,Shelter and Basic Needs,shelter,shelter,shelter,emergency,emergency_shelter,,Sarasota,FL,34236,,,https://www.svdp-sarasota.org/,,Shelter/basic needs candidate.,Verify public address and intake before import.,Sarasota County,true,,,unknown,pending,true,https://www.svdp-sarasota.org/,organization_site,medium,27.3364,-82.5307,zip_centroid_estimate,true,medium,ready_for_import,City-level coordinate estimate; verify before live map placement.,physical_site,,general,nonprofit,,walk_in_friendly
resource_sarasota_county_health_and_human_services_homeless_services_navigation,provider_sarasota_county_health_and_human_services,Sarasota County Health & Human Services,Sarasota County Health & Human Services,Sarasota County Health & Human Services,Homeless Services Navigation,other,community_center,other,resource_navigation,resource_navigation,,Sarasota,FL,34236,,,https://www.scgov.net/,,County homeless services/navigation candidate.,Verify exact contact/service path before import.,Sarasota County,false,true,false,unknown,pending,true,https://www.scgov.net/,county_government_site,medium,27.3364,-82.5307,zip_centroid_estimate,true,medium,ready_for_import,City-level coordinate estimate; review before live map placement.,phone_web_intake,,general,government,,
resource_catholic_charities_sarasota_housing_and_financial_stability,provider_catholic_charities_sarasota,Catholic Charities Sarasota,Catholic Charities Sarasota,Catholic Charities Sarasota,Housing and Financial Stability,other,housing_assistance,other,housing_navigation,housing_support,,Sarasota,FL,34236,,,https://catholiccharitiesdov.org/,,Housing/financial stability candidate.,Verify eligibility and service area before import.,Sarasota County,false,true,false,unknown,pending,true,https://catholiccharitiesdov.org/,organization_site,medium,27.3364,-82.5307,zip_centroid_estimate,true,medium,ready_for_import,City-level coordinate estimate; review before live map placement.,phone_web_intake,,general,"nonprofit,faith_based",
resource_citrus_county_community_services_homeless_services_navigation,provider_citrus_county_community_services,Citrus County Community Services,Citrus County Community Services,Citrus County Community Services,Homeless Services Navigation,other,community_center,other,resource_navigation,resource_navigation,,Lecanto,FL,34461,,,https://www.citrusbocc.com/,,County homeless services/navigation candidate.,Verify exact service office and application flow before import.,Citrus County,false,true,false,unknown,pending,true,https://www.citrusbocc.com/,county_government_site,medium,28.8516,-82.4876,zip_centroid_estimate,true,medium,ready_for_import,County/city-level coordinate estimate; review before live map placement.,phone_web_intake,,general,government,,
resource_the_centers_citrus_shelter_and_behavioral_health_support,provider_the_centers_citrus,The Centers Citrus,The Centers Citrus,The Centers Citrus,Shelter and Behavioral Health Support,shelter,shelter,shelter,emergency,emergency_shelter,,Lecanto,FL,34461,,,https://thecenters.us/,,Shelter/behavioral health support candidate.,Verify exact program and intake before import.,Citrus County,true,,,unknown,pending,true,https://thecenters.us/,organization_site,medium,28.8516,-82.4876,zip_centroid_estimate,true,medium,ready_for_import,City-level coordinate estimate; review before live map placement.,physical_site,,general,nonprofit,,walk_in_friendly
resource_citrus_county_blessings_food_pantry_food_pantry,provider_citrus_county_blessings_food_pantry,Citrus County Blessings Food Pantry,Citrus County Blessings Food Pantry,Citrus County Blessings Food Pantry,Food Pantry,food,food,food,pantry,food_pantry,,Citrus County,FL,,,,https://citruscountyblessings.org/,,Food pantry candidate.,Verify address/schedule before import.,Citrus County,true,,,unknown,pending,true,https://citruscountyblessings.org/,organization_site,medium,28.8849,-82.5186,zip_centroid_estimate,true,medium,ready_for_import,County-level coordinate estimate; review before live map placement.,physical_site,,general,nonprofit,,walk_in_friendly
resource_dawn_center_dv_services_24_hour_hotline,provider_dawn_center,Dawn Center DV Services,Dawn Center DV Services,Dawn Center DV Services,24-Hour Hotline,other,crisis_services,other,hotline,crisis_hotline,,,,FL,352-686-8430,,https://www.dawncenter.org/,,Domestic violence hotline candidate.,Phone-only crisis resource; do not map shelter location.,Hernando County,false,,,unknown,pending,true,https://www.dawncenter.org/,organization_site,high,,,confidential_no_map,false,high,needs_review,Hotline only; no map marker.,phone_intake,,general,nonprofit,,"domestic_violence,hotline,confidential_location"
resource_casa_pinellas_emergency_shelter_intake,provider_casa_pinellas,CASA Pinellas,CASA Pinellas,CASA Pinellas,Emergency Shelter Intake,shelter,shelter,shelter,dv,domestic_violence_shelter,,St. Petersburg,FL,33701,727-895-4912,,https://casa-stpete.org/,,Domestic violence emergency shelter intake candidate.,Use hotline/intake/public office only. Do not map confidential shelter location.,Pinellas County,false,,,unknown,pending,true,https://casa-stpete.org/,organization_site,high,27.77189,-82.63835,zip_centroid_estimate,true,high,ready_for_import,Public/city-level coordinate only; confirm safe public office before map marker.,confidential_phone_web,,general,nonprofit,,"domestic_violence,hotline,confidential_location"
resource_pinellas_hope_catholic_charities_food_pantry_and_basic_needs,provider_pinellas_hope_catholic_charities,Pinellas Hope (Catholic Charities),Pinellas Hope / Catholic Charities,Pinellas Hope (Catholic Charities),Food Pantry and Basic Needs,food,food,food,pantry,food_pantry,5726 126th Ave N,Clearwater,FL,33760,,,https://www.ccdosp.org/pinellas-hope/,,Food/basic needs candidate.,Verify whether restricted to residents before import.,Pinellas County,true,,,unknown,pending,true,https://www.ccdosp.org/pinellas-hope/,organization_site,high,27.8836,-82.7167,address_verified,true,medium,ready_for_import,,physical_site,,general,"nonprofit,faith_based",,walk_in_friendly
resource_salvation_army_st_petersburg_emergency_shelter,provider_salvation_army_st_petersburg,Salvation Army St. Petersburg,Salvation Army St. Petersburg,Salvation Army St. Petersburg,Emergency Shelter,shelter,shelter,shelter,emergency,emergency_shelter,,St. Petersburg,FL,33701,,,https://salvationarmyflorida.org/,,Emergency shelter candidate.,Verify address/intake before import.,Pinellas County,true,,,unknown,pending,true,https://salvationarmyflorida.org/,organization_site,medium,,,zip_centroid_estimate,false,medium,needs_review,Needs exact geocode/address before map import.,physical_site,,general,faith_based,,walk_in_friendly
resource_pinellas_county_behavioral_health_crisis_support,provider_pinellas_county_behavioral_health,Pinellas County Behavioral Health,Pinellas County Behavioral Health,Pinellas County Behavioral Health,Crisis Support,other,medical,medical,counseling,behavioral_health,,Pinellas County,FL,,,,https://pinellas.gov/,,Behavioral health crisis support candidate.,Verify exact contact and location model before import.,Pinellas County,false,true,false,unknown,pending,true,https://pinellas.gov/,county_government_site,high,27.8764,-82.7779,zip_centroid_estimate,true,medium,ready_for_import,County-level coordinate estimate; review before live map placement.,phone_web_intake,,general,government,,
resource_tampa_crossroads_athena_house_female_veterans_transitional_housing,provider_tampa_crossroads,Tampa Crossroads,Tampa Crossroads,Tampa Crossroads,Athena House - Female Veterans Transitional Housing,shelter,shelter,shelter,transitional,transitional_housing,,Tampa,FL,33603,,,https://tampacrossroads.com/,,Female veterans transitional housing candidate.,Verify current address/intake and confidentiality before import.,Hillsborough County,false,true,true,,1200,unknown,verified_web,true,https://tampacrossroads.com/,organization_site,high,,,address_verified,false,high,needs_review,Transitional housing address/intake should be verified before map import.,confidential_phone_web,,"veterans,women",nonprofit,,veterans
resource_tampa_crossroads_veterans_assistance_center,provider_tampa_crossroads,Tampa Crossroads,Tampa Crossroads,Tampa Crossroads,Veterans Assistance Center,other,community_center,other,drop_in_center,service_center,,Tampa,FL,33603,,,https://tampacrossroads.com/,,Veterans assistance center candidate.,Verify exact public location before import.,Hillsborough County,false,true,false,unknown,verified_web,true,https://tampacrossroads.com/,organization_site,high,27.985,-82.46,zip_centroid_estimate,true,medium,ready_for_import,City/ZIP-level coordinate estimate; verify exact site before live map placement.,physical_site,,veterans,nonprofit,,veterans
resource_boley_centers_permanent_supportive_housing,provider_boley_centers,Boley Centers,Boley Centers,Boley Centers,Permanent Supportive Housing,other,housing_assistance,other,permanent_supportive,permanent_supportive_housing,445 31st St N,St. Petersburg,FL,33713,727-821-4819,,https://boleycenters.org/,,Permanent supportive housing candidate.,Verify program intake/waitlist process before import. Public HQ used; housing sites vary.,Pinellas County,false,true,true,,1200,unknown,verified_web,true,https://boleycenters.org/,organization_site,high,27.7825,-82.6735,zip_centroid_estimate,true,high,ready_for_import,"Public HQ; organization reports 50+ locations and 1,200+ residential beds across Pinellas.",physical_site,,general,nonprofit,,
resource_boley_centers_veterans_housing_program,provider_boley_centers,Boley Centers,Boley Centers,Boley Centers,Veterans Housing Program,other,housing_assistance,other,housing_navigation,veteran_housing_support,445 31st St N,St. Petersburg,FL,33713,727-821-4819,,https://boleycenters.org/,,Veterans housing/support program candidate.,Verify eligibility and site model before import.,Pinellas/Hillsborough/Manatee/Pasco/Sarasota,false,true,true,,1200,unknown,verified_web,true,https://boleycenters.org/,organization_site,high,27.7825,-82.6735,zip_centroid_estimate,true,high,ready_for_import,HQ address shown; program serves multiple counties.,physical_site,,veterans,nonprofit,,veterans
resource_boley_centers_youth_housing_program,provider_boley_centers,Boley Centers,Boley Centers,Boley Centers,Youth Housing Program,shelter,shelter,shelter,youth,youth_shelter,445 31st St N,St. Petersburg,FL,33713,727-821-4819,,https://boleycenters.org/,,Youth housing/support program candidate.,Verify eligibility and site model before import.,Pinellas County,false,true,true,,1200,unknown,verified_web,true,https://boleycenters.org/,organization_site,high,27.7825,-82.6735,zip_centroid_estimate,true,high,ready_for_import,HQ address shown; youth housing locations may differ.,physical_site,,youth,nonprofit,,
resource_boley_centers_residential_housing_for_people_with_mental_health_disabilities,provider_boley_centers,Boley Centers,Boley Centers,Boley Centers,Residential Housing for People with Mental Health Disabilities,other,housing_assistance,other,permanent_supportive,supportive_housing,445 31st St N,St. Petersburg,FL,33713,727-821-4819,,https://boleycenters.org/,,Residential/supportive housing candidate for people with mental health disabilities.,Verify intake and location model before import. Public HQ used; residential locations vary.,Pinellas County,false,true,true,,1200,unknown,verified_web,true,https://boleycenters.org/,organization_site,high,27.7825,-82.6735,zip_centroid_estimate,true,high,ready_for_import,"Public HQ; organization reports 50+ locations and 1,200+ residential beds across Pinellas.",physical_site,,general,nonprofit,,
resource_boley_centers_homeless_outreach_and_supportive_services,provider_boley_centers,Boley Centers,Boley Centers,Boley Centers,Homeless Outreach and Supportive Services,other,community_center,other,supportive_services,supportive_services,445 31st St N,St. Petersburg,FL,33713,727-821-4819,,https://boleycenters.org/,,Homeless outreach/supportive services candidate.,Verify intake model before import.,Pinellas County,false,true,false,unknown,verified_web,true,https://boleycenters.org/,organization_site,high,27.7825,-82.6735,zip_centroid_estimate,true,high,ready_for_import,Public HQ shown; outreach services may be mobile.,physical_site,,general,nonprofit,,
resource_boley_centers_multi_county_supported_housing_network,provider_boley_centers,Boley Centers,Boley Centers,Boley Centers,Multi-County Supported Housing Network,other,housing_assistance,other,permanent_supportive,supportive_housing,445 31st St N,St. Petersburg,FL,33713,727-821-4819,,https://boleycenters.org/,,Multi-county supported housing network candidate.,Verify service area and intake before import. This is a network-level row, not a single site.,"Adults with mental disabilities, homeless, veterans, youth","Pinellas, Hillsborough, Manatee, Pasco, Sarasota Counties (veteran services)",,,,1200,,unknown,verified_web,true,https://boleycenters.org/,organization_site,high,27.7825,-82.6735,zip_centroid_estimate,true,high,ready_for_import,HQ address shown; 50+ supported housing locations throughout Pinellas County at various addresses,physical_site,,"veterans,youth,families",nonprofit,,veterans
