external_id,provider_external_id,provider_name,provider_match,parent_provider_canonical,resource_name,legacy_schema_category,category,current_app_category,subcategory,legacy_subcategory,street,city,state,zip,phone,email,website,hours_summary,description,eligibility_notes,service_area,walk_ins_accepted,requires_id,requires_referral,beds_total,beds_available,availability_status,verification_status,is_active,source_urls,source_type,confidence,lat,lng,geocode_status,is_map_ready,import_priority,import_status,import_notes,access_type,geocode_source_url,population_served,provider_type,facility_features,tags
ACTS-001-emergency-shelter-temporary-housing-shelter,ACTS-001,ACTS,ACTS,ACTS,Emergency Shelter / Temporary Housing,shelter,shelter,shelter,emergency_shelter,emergency_shelter,4403 W Dr Martin Luther King Jr Blvd,Tampa,FL,33614,,,https://actsfl.org/,,"Emergency shelter / temporary housing candidate identified from public shelter listings.

Eligibility: Confirm intake rules and program naming before import.",,Tampa,false,false,false,,,unknown,verified,true,https://actsfl.org/,live_db,90,28.00619,-82.50598,geocoded,true,high,ready_for_import,exported from live db — migration 008+012,physical_site,,,nonprofit,,
CSP-001-haines-city-satellite-office-work_exchange,CSP-001,CareerSource Polk,CareerSource Polk,CareerSource Polk,Haines City Satellite Office,work_exchange,work_exchange,work_exchange,career_center,career_center,915 Avenue E,Haines City,FL,33844,,,https://www.careersourcepolk.com/,,"Satellite career center serving Haines City / East Polk.

Eligibility: Confirm hours and office naming from official site.",,Haines City,true,false,false,,,unknown,verified,true,https://www.careersourcepolk.com/,live_db,90,28.099,-81.616,geocoded,true,high,ready_for_import,exported from live db — migration 008+012,physical_site,,,nonprofit,,
CSP-001-lakeland-career-center-work_exchange,CSP-001,CareerSource Polk,CareerSource Polk,CareerSource Polk,Lakeland Career Center,work_exchange,work_exchange,work_exchange,career_center,career_center,309 N Ingraham Ave,Lakeland,FL,33801,,,https://www.careersourcepolk.com/,,"Career center for Polk job seekers and employers.

Eligibility: Confirm hours and main contact from official site.",,Lakeland,true,false,false,,,unknown,verified,true,https://www.careersourcepolk.com/,live_db,90,28.042681,-81.906626,geocoded,true,high,ready_for_import,exported from live db — migration 008+012,physical_site,,,nonprofit,,
CSTB-001-brandon-center-work_exchange,CSTB-001,CareerSource Tampa Bay,CareerSource Tampa Bay,CareerSource Tampa Bay,Brandon Center,work_exchange,work_exchange,work_exchange,career_center,career_center,"6302 E Dr. Martin Luther King Jr Blvd, Suite 120",Tampa,FL,33619,,,https://careersourcetampabay.com/career-centers/,,"Career center serving East Tampa / Brandon area job seekers and employers.

Eligibility: Public workforce center; confirm hours from official center directory.",,Tampa,true,false,false,,,unknown,verified,true,https://careersourcetampabay.com/career-centers/,live_db,90,27.93536,-82.37841,geocoded,true,high,ready_for_import,exported from live db — migration 008+012,physical_site,,,nonprofit,,
CSTB-001-gulf-to-bay-center-work_exchange,CSTB-001,CareerSource Tampa Bay,CareerSource Tampa Bay,CareerSource Tampa Bay,Gulf to Bay Center,work_exchange,work_exchange,work_exchange,career_center,career_center,2312 Gulf to Bay Blvd,Clearwater,FL,33765,(727) 524-4344,,https://careersourcetampabay.com/career-centers/,Mon-Fri 8:00 AM-5:00 PM,"Pinellas-area career center for job seekers and employers.

Eligibility: Public workforce center; call for program-specific eligibility.",,Clearwater,true,false,false,,,unknown,verified,true,https://careersourcetampabay.com/career-centers/,live_db,90,27.97452,-82.74419,geocoded,true,high,ready_for_import,exported from live db — migration 008+012,physical_site,,,nonprofit,,
CSTB-001-plant-city-center-work_exchange,CSTB-001,CareerSource Tampa Bay,CareerSource Tampa Bay,CareerSource Tampa Bay,Plant City Center,work_exchange,work_exchange,work_exchange,career_center,career_center,307 N Michigan Ave,Plant City,FL,33563,,,https://careersourcetampabay.com/career-centers/,,"Career center serving East Hillsborough / Plant City job seekers.

Eligibility: Public workforce center; confirm hours from official center directory.",,Plant City,true,false,false,,,unknown,verified,true,https://careersourcetampabay.com/career-centers/,live_db,90,28.01694,-82.12544,geocoded,true,high,ready_for_import,exported from live db — migration 008+012,physical_site,,,nonprofit,,
CSTB-001-ruskin-center-work_exchange,CSTB-001,CareerSource Tampa Bay,CareerSource Tampa Bay,CareerSource Tampa Bay,Ruskin Center,work_exchange,work_exchange,work_exchange,career_center,career_center,201 14th Ave SE,Ruskin,FL,33570,,,https://careersourcetampabay.com/career-centers/,,"Career center serving South Hillsborough job seekers and employers.

Eligibility: Public workforce center; confirm hours from official center directory.",,Ruskin,true,false,false,,,unknown,verified,true,https://careersourcetampabay.com/career-centers/,live_db,90,27.69354,-82.45861,geocoded,true,high,ready_for_import,exported from live db — migration 008+012,physical_site,,,nonprofit,,
CSTB-001-st-petersburg-center-work_exchange,CSTB-001,CareerSource Tampa Bay,CareerSource Tampa Bay,CareerSource Tampa Bay,St. Petersburg Center,work_exchange,work_exchange,work_exchange,career_center,career_center,3420 8th Ave S,St. Petersburg,FL,33711,(727) 524-4344,,https://careersourcetampabay.com/career-centers/,Mon-Fri 8:00 AM-5:00 PM,"South County career center for job search, employer referrals, and workforce support.

Eligibility: Public workforce center; call for program-specific eligibility.",,St. Petersburg,true,false,false,,,unknown,verified,true,https://careersourcetampabay.com/career-centers/,live_db,90,27.73884,-82.68845,geocoded,true,high,ready_for_import,exported from live db — migration 008+012,physical_site,,,nonprofit,,
CSTB-001-support-services-work_exchange,CSTB-001,CareerSource Tampa Bay,CareerSource Tampa Bay,CareerSource Tampa Bay,Support Services,work_exchange,work_exchange,work_exchange,employment_support_services,employment_support_services,9215 N Florida Ave,Tampa,FL,33612,(813) 930-7400,,https://careersourcetampabay.com/support-services/,Contact any center Mon-Fri 8:00 AM-5:00 PM,"Supportive workforce services including guidance, transportation help, family assistance, and related referrals.

Eligibility: Program availability varies by need and eligibility.",,Tampa,true,false,false,,,unknown,verified,true,https://careersourcetampabay.com/support-services/,live_db,90,28.05071,-82.451,geocoded,true,high,ready_for_import,exported from live db — migration 008+012,physical_site,,,nonprofit,,
CSTB-001-tampa-center-work_exchange,CSTB-001,CareerSource Tampa Bay,CareerSource Tampa Bay,CareerSource Tampa Bay,Tampa Center,work_exchange,work_exchange,work_exchange,career_center,career_center,9215 N Florida Ave,Tampa,FL,33612,(813) 930-7400,,https://careersourcetampabay.com/career-centers/,Mon-Fri 8:00 AM-5:00 PM,"Career center offering job search help, career planning, referrals, and workforce services.

Eligibility: Public workforce center; call for program-specific eligibility.",,Tampa,true,false,false,,,unknown,verified,true,https://careersourcetampabay.com/career-centers/,live_db,90,28.05071,-82.451,geocoded,true,high,ready_for_import,exported from live db — migration 008+012,physical_site,,,nonprofit,,
CSTB-001-tarpon-springs-center-work_exchange,CSTB-001,CareerSource Tampa Bay,CareerSource Tampa Bay,CareerSource Tampa Bay,Tarpon Springs Center,work_exchange,work_exchange,work_exchange,career_center,career_center,682 E Klosterman Rd,Tarpon Springs,FL,34689,,,https://careersourcetampabay.com/career-centers/,,"Career center serving North Pinellas job seekers.

Eligibility: Public workforce center; confirm hours from official center directory.",,Tarpon Springs,true,false,false,,,unknown,verified,true,https://careersourcetampabay.com/career-centers/,live_db,90,28.14971,-82.75956,geocoded,true,high,ready_for_import,exported from live db — migration 008+012,physical_site,,,nonprofit,,
CSTB-001-veteran-services-work_exchange,CSTB-001,CareerSource Tampa Bay,CareerSource Tampa Bay,CareerSource Tampa Bay,Veteran Services,work_exchange,work_exchange,work_exchange,veteran_employment_support,veteran_employment_support,9215 N Florida Ave,Tampa,FL,33612,1-844-693-5838 / 211,admin@firstcontact.org,https://www.firstcontact.org/veteran-services,Hotline and 211 access available 24/7,"Florida Veterans Support Line and housing support connection for veterans and families.

Eligibility: For veterans and veteran families; SSVF screening via 211/partner referral.",,Tampa,false,false,false,,,unknown,verified,true,https://www.firstcontact.org/veteran-services,live_db,90,28.05071,-82.451,geocoded,true,high,ready_for_import,exported from live db — migration 008+012,physical_site,,,nonprofit,,
CASA-001-domestic-violence-shelter-and-support-services-shelter,CASA-001,CASA Pinellas,CASA Pinellas,CASA Pinellas,Domestic Violence Shelter and Support Services,shelter,shelter,shelter,domestic_violence_support,domestic_violence_support,"1011 First Ave N, 2nd Floor",St. Petersburg,FL,33705,(727) 895-4912,,https://www.casapinellas.org/,,"Domestic violence support, advocacy, and shelter-related services.

Eligibility: Use public support office only; do not expose confidential shelter location.",,St. Petersburg,false,false,true,,,unknown,verified,true,https://www.casapinellas.org/,live_db,90,27.74337,-82.643724,geocoded,true,high,ready_for_import,exported from live db — migration 008+012,physical_site,,,nonprofit,,
CASA-001-hotline-crisis-support-other,CASA-001,CASA Pinellas,CASA Pinellas,CASA Pinellas,Hotline / Crisis Support,other,other,other,crisis_hotline,crisis_hotline,,,FL,,(727) 895-4912,,https://www.casapinellas.org/,24/7 hotline / intake,"Hotline and crisis support resource.

Eligibility: Support listing only; not a physical site listing.",,Tampa Bay,false,false,true,,,unknown,verified,true,https://www.casapinellas.org/,live_db,90,,,not_geocoded,false,high,ready_for_import,exported from live db — migration 008+012,phone_intake,,,nonprofit,,
CCTH-001-emergency-shelter-temporary-housing-shelter,CCTH-001,Catholic Charities Tampa Hope,Catholic Charities Tampa Hope,Catholic Charities Tampa Hope,Emergency Shelter / Temporary Housing,shelter,shelter,shelter,emergency_shelter,emergency_shelter,,Tampa,FL,,(813) 631-4370,,https://www.ccdosp.org/,,"Emergency shelter / temporary housing candidate identified from public contact references.

Eligibility: Needs official shelter program page and public address confirmation.",,Tampa,false,false,true,,,unknown,verified,true,https://www.ccdosp.org/,live_db,90,,,not_geocoded,false,high,ready_for_import,exported from live db — migration 008+012,phone_intake,,,nonprofit,,
COVE-001-emergency-shelter-temporary-housing-shelter,COVE-001,Cove Community Housing Solutions Center,Cove Community Housing Solutions Center,Cove Community Housing Solutions Center,Emergency Shelter / Temporary Housing,shelter,shelter,shelter,emergency_shelter,emergency_shelter,3630 N 50th St,Tampa,FL,33619,,,,,"Emergency shelter / temporary housing candidate identified from county shelter listings.

Eligibility: Needs official site or intake page confirmation.",,Tampa,false,false,false,,,unknown,verified,true,,live_db,90,27.93536,-82.37841,geocoded,true,high,ready_for_import,exported from live db — migration 008+012,physical_site,,,nonprofit,,
FEAST-001-driveup-pantry-food,FEAST-001,FEAST Food Pantry,FEAST Food Pantry,FEAST Food Pantry,Drive-Up Pantry,food,food,food,food_pantry,food_pantry,2255 Nebraska Ave,Palm Harbor,FL,34683,,,https://feastfoodpantry.org/,,"Drive-up pantry candidate providing grocery assistance.

Eligibility: Confirm schedule and intake rules from official site.",,Palm Harbor,true,false,false,,,unknown,verified,true,https://feastfoodpantry.org/,live_db,90,28.08626,-82.76025,geocoded,true,high,ready_for_import,exported from live db — migration 008+012,physical_site,,,nonprofit,,
FEEDSTP-001-weekly-food-distribution-food,FEEDSTP-001,Feed St. Pete,Feed St. Pete,Feed St. Pete,Weekly Food Distribution,food,food,food,food_distribution,food_distribution,5501 31st St S,St. Petersburg,FL,33712,,,https://feedstpete.org/,,"Weekly food distribution candidate.

Eligibility: Confirm distribution schedule and any registration requirements.",,St. Petersburg,true,false,false,,,unknown,verified,true,https://feedstpete.org/,live_db,90,27.73719,-82.66535,geocoded,true,high,ready_for_import,exported from live db — migration 008+012,physical_site,,,nonprofit,,
FTB-001-bistro-at-causeway-center-food,FTB-001,Feeding Tampa Bay,Feeding Tampa Bay,Feeding Tampa Bay,Bistro at Causeway Center,food,food,food,free_meal,free_meal,3624 Causeway Blvd,Tampa,FL,33619,(813) 254-1190,,https://feedingtampabay.org/,,"Community meal / food access site at Causeway Center.

Eligibility: Verify site-specific hours and whether this is still active as a separate listing.",,Tampa,true,false,false,,,unknown,verified,true,https://feedingtampabay.org/,live_db,90,27.93536,-82.37841,geocoded,true,high,ready_for_import,exported from live db — migration 008+012,physical_site,,,nonprofit,,
FTB-001-trinity-cafe-nebraska-food,FTB-001,Feeding Tampa Bay,Feeding Tampa Bay,Feeding Tampa Bay,Trinity Cafe Nebraska,food,food,food,free_meal,free_meal,2801 N Nebraska Ave,Tampa,FL,33602,(813) 254-1190,,https://feedingtampabay.org/,,"Free meal site under Feeding Tampa Bay Trinity Cafe program.

Eligibility: Verify site-specific hours before import.",,Tampa,true,false,false,,,unknown,verified,true,https://feedingtampabay.org/,live_db,90,27.9614,-82.4597,geocoded,true,high,ready_for_import,exported from live db — migration 008+012,physical_site,,,nonprofit,,
FTB-PIN-001-feeding-pinellas-empowerment-center-neighbor-services-food,FTB-PIN-001,Feeding Tampa Bay - Pinellas County,Feeding Tampa Bay - Pinellas County,Feeding Tampa Bay - Pinellas County,Feeding Pinellas Empowerment Center - Neighbor Services,food,food,food,food_assistance_navigation,food_assistance_navigation,6330 54th Ave N,St. Petersburg,FL,33709,813.710.6269,feedingpinellas@feedingtampabay.org,https://feedingtampabay.org/feeding-pinellas/feeding-pinellas-empowerment-center,Mon/Wed 1:00 PM-4:00 PM; Tue/Thu 9:00 AM-4:00 PM; Fri by appointment,"Neighbor services and resource navigation for food assistance, SNAP, and related benefits support.

Eligibility: Walk-ins first come, first served; Friday by appointment.",,St. Petersburg,true,false,false,,,unknown,verified,true,https://feedingtampabay.org/feeding-pinellas/feeding-pinellas-empowerment-center,live_db,90,27.81721,-82.73075,geocoded,true,high,ready_for_import,exported from live db — migration 008+012,physical_site,,,nonprofit,,
FTB-PIN-001-trinity-cafe-at-feeding-pinellas-food,FTB-PIN-001,Feeding Tampa Bay - Pinellas County,Feeding Tampa Bay - Pinellas County,Feeding Tampa Bay - Pinellas County,Trinity Cafe at Feeding Pinellas,food,food,food,free_meal,free_meal,6330 54th Ave N,St. Petersburg,FL,33709,813.710.6269,feedingpinellas@feedingtampabay.org,https://ftb.org/trinity,Mon-Fri 11:30 AM-12:30 PM,"Free full-service meal site at Feeding Pinellas.

Eligibility: Walk-in meal service per public page.",,St. Petersburg,true,false,false,,,unknown,verified,true,https://ftb.org/trinity,live_db,90,27.81721,-82.73075,geocoded,true,high,ready_for_import,exported from live db — migration 008+012,physical_site,,,nonprofit,,
FCONT-001-211-community-resource-connections-other,FCONT-001,First Contact,First Contact,First Contact,211 Community Resource Connections,other,other,other,resource_navigation,resource_navigation,,,FL,,211,,https://www.firstcontact.org/211-tampa-bay-cares,,"211-based resource navigation and referral support.

Eligibility: Phone/text/web intake listing, not a map location.",,Tampa Bay,false,false,true,,,unknown,verified,true,https://www.firstcontact.org/211-tampa-bay-cares,live_db,90,,,not_geocoded,false,high,ready_for_import,exported from live db — migration 008+012,phone_intake,,,nonprofit,,
FCONT-001-homeless-helpline-other,FCONT-001,First Contact,First Contact,First Contact,Homeless Helpline,other,other,other,homeless_helpline,homeless_helpline,,,FL,,211 / (727) 210-4211,,https://www.firstcontact.org/homeless-helpline,,"Homeless helpline and coordinated entry support for Pinellas and surrounding area.

Eligibility: Phone/web intake only; not a map-ready physical site.",,Tampa Bay,false,false,true,,,unknown,verified,true,https://www.firstcontact.org/homeless-helpline,live_db,90,,,not_geocoded,false,high,ready_for_import,exported from live db — migration 008+012,phone_intake,,,nonprofit,,
FCONT-001-pinellas-rapid-rehousing-collaborative-other,FCONT-001,First Contact,First Contact,First Contact,Pinellas Rapid Re-Housing Collaborative,other,other,other,housing_support,housing_support,,,FL,,211 / (727) 210-4211,,https://www.firstcontact.org/,,"Rapid re-housing support / coordinated entry candidate.

Eligibility: Support program rather than public walk-in site; confirm intake details.",,Tampa Bay,false,false,true,,,unknown,verified,true,https://www.firstcontact.org/,live_db,90,,,not_geocoded,false,high,ready_for_import,exported from live db — migration 008+012,phone_intake,,,nonprofit,,
FCONT-001-veteran-services-other,FCONT-001,First Contact,First Contact,First Contact,Veteran Services,other,other,other,veteran_support,veteran_support,,,FL,,211 / (727) 210-4211,,https://www.firstcontact.org/,,"Veteran support / referral services candidate under First Contact resource network.

Eligibility: Program details should be confirmed on official site before public import.",,Tampa Bay,false,false,true,,,unknown,verified,true,https://www.firstcontact.org/,live_db,90,,,not_geocoded,false,high,ready_for_import,exported from live db — migration 008+012,phone_intake,,,nonprofit,,
FSP-001-hillsborough-river-state-park-campground-outdoor_space,FSP-001,Florida State Parks – Tampa Bay,Florida State Parks – Tampa Bay,Florida State Parks – Tampa Bay,Hillsborough River State Park – Campground,outdoor_space,outdoor_space,outdoor_space,campground,campground,15402 US 301 N,Thonotosassa,FL,33592,(813) 688-9500,,https://www.floridastateparks.org/parks-and-trails/hillsborough-river-state-park,Park open 8 AM to sunset daily; campground office hours vary,"Florida State Park with 112-site RV/tent campground plus primitive group camping. Restrooms: confirmed – each campground loop has restrooms with flush toilets. Showers: confirmed – hot showers (coin-operated) in each campground loop restroom building. Camping: confirmed – RV/tent $24/night (most sites have 30/50 amp electric + water); primitive group camping (tent only, no electric, cold showers) for youth/nonprofit orgs; advance reservations via ReserveAmerica (up to 11 months). Also pool, cafe, gift shop, laundry, dump station. Overnight parking: for registered campers only.

Eligibility: Open to public. Camping reservations at Reserve.FloridaStateParks.org or 1-800-326-3521. State park entry fee applies.",,Thonotosassa,true,false,false,,,available,verified,true,https://www.floridastateparks.org/parks-and-trails/hillsborough-river-state-park,live_db,90,28.1489,-82.2302,geocoded,true,high,ready_for_import,exported from live db — migration 008+012,physical_site,,,nonprofit,,
HEP-001-homeless-shelter-and-support-campus-shelter,HEP-001,HEP,HEP,HEP,Homeless Shelter and Support Campus,shelter,shelter,shelter,emergency_shelter,emergency_shelter,1120 N Betty Ln,Clearwater,FL,33755,,,https://www.hepempowers.org/,,"Shelter and service campus for people experiencing homelessness.

Eligibility: Confirm main intake phone and public campus naming before import.",,Clearwater,true,false,false,,,unknown,verified,true,https://www.hepempowers.org/,live_db,90,27.979046,-82.78302,geocoded,true,high,ready_for_import,exported from live db — migration 008+012,physical_site,,,nonprofit,,
HEP-001-veteransfocused-shelter-and-housing-support-shelter,HEP-001,HEP,HEP,HEP,Veterans-Focused Shelter and Housing Support,shelter,shelter,shelter,veteran_housing_support,veteran_housing_support,1120 N Betty Ln,Clearwater,FL,33755,,,https://www.hepempowers.org/,,"Veteran-focused housing and support candidate at HEP campus.

Eligibility: May be better as a sub-service row under HEP if not separately marketed.",,Clearwater,false,false,true,,,unknown,verified,true,https://www.hepempowers.org/,live_db,90,27.979046,-82.78302,geocoded,true,high,ready_for_import,exported from live db — migration 008+012,physical_site,,,nonprofit,,
HERN-PARKS-001-bayport-park-outdoor_space,HERN-PARKS-001,Hernando County Parks & Recreation,Hernando County Parks & Recreation,Hernando County Parks & Recreation,Bayport Park,outdoor_space,outdoor_space,outdoor_space,day_use_park_with_restrooms,day_use_park_with_restrooms,4140 Cortez Blvd,Spring Hill,FL,34607,(352) 754-4031,parksandrec@hernandocounty.us,https://www.hernandocounty.us/community-recreation/parks-recreation/bayport-park/,Open 24/7 (boat ramp); park generally 8 AM–6 PM,"County park (7 acres) on Gulf of Mexico with two boat ramps. Restrooms: confirmed – renovated restrooms on site (note: restrooms reported as temporarily closed for repairs per recent visitor reviews; verify current status). Showers: NOT confirmed – no showers documented in official sources. Camping: NOT allowed – day-use only. Overnight parking: overnight boat ramp parking allowed with proper fee/daily receipt or annual permit (Pinellas County FAQ cross-referenced; Hernando County specific policy uncertain – mark for review). Features: fishing pier, 2 boat ramps, scenic boardwalk, pavilion, picnic tables, barbecue grills, parking fee applies.

Eligibility: Open to public. Parking fee applies. Day-use only; overnight camping not allowed.",,Spring Hill,true,false,false,,,available,verified,true,https://www.hernandocounty.us/community-recreation/parks-recreation/bayport-park/,live_db,90,28.5339,-82.6501,geocoded,true,high,ready_for_import,exported from live db — migration 008+012,physical_site,,,nonprofit,,
HERN-PARKS-001-jenkins-creek-park-outdoor_space,HERN-PARKS-001,Hernando County Parks & Recreation,Hernando County Parks & Recreation,Hernando County Parks & Recreation,Jenkins Creek Park,outdoor_space,outdoor_space,outdoor_space,day_use_park_with_restrooms,day_use_park_with_restrooms,6401 Shoal Line Blvd,Spring Hill,FL,34607,(352) 754-4031,parksandrec@hernandocounty.us,https://www.hernandocounty.us/community-recreation/parks-recreation/jenkins-creek-park/,8 AM to sunset,"Day-use county park (3 acres) on Jenkins Creek adjacent to Linda Pedersen Park. Restrooms: confirmed – restrooms on site. Showers: NOT confirmed – no showers documented in official sources; park description does not mention showers. Camping: NOT allowed – day-use only. Overnight parking: NOT allowed. Features: fishing pier (~420 ft), boat launch (small boats/hand launch only), picnic shelters, bird watching, grill.

Eligibility: Open to public. Day-use only. No lifeguards on duty.",,Spring Hill,true,false,false,,,available,verified,true,https://www.hernandocounty.us/community-recreation/parks-recreation/jenkins-creek-park/,live_db,90,28.5222,-82.6369,geocoded,true,high,ready_for_import,exported from live db — migration 008+012,physical_site,,,nonprofit,,
HERN-PARKS-001-lake-townsen-regional-park-outdoor_space,HERN-PARKS-001,Hernando County Parks & Recreation,Hernando County Parks & Recreation,Hernando County Parks & Recreation,Lake Townsen Regional Park,outdoor_space,outdoor_space,outdoor_space,day_use_park_with_restrooms,day_use_park_with_restrooms,28011 Lake Lindsey Rd,Brooksville,FL,34601,(352) 754-4031,parksandrec@hernandocounty.us,https://www.hernandocounty.us/community-recreation/parks-recreation/lake-townsen-regional-park/,Open 24/7,"Regional park (375 acres) on Withlacoochee River with multi-use trails. Restrooms: confirmed – public restrooms on site (restroom closure for upgrades reported July 2024; should be resolved). Showers: NOT confirmed – no showers documented in official sources. Camping: NOT allowed – day-use only; ESL preserves prohibit overnight camping per official Hernando County policy. Overnight parking: uncertain – park listed as open 24/7 but overnight camping/parking not explicitly permitted; flagged for manual review. Features: fishing pier, boat ramp on Withlacoochee River, baseball, basketball, volleyball, horseshoes, horse trailer parking, equestrian trails, picnic pavilions, playground, Withlacoochee State Trail access.

Eligibility: Open to public. Day-use only confirmed. No fee noted. Equestrian use welcome (horse trailer parking, trails).",,Brooksville,true,false,false,,,available,verified,true,https://www.hernandocounty.us/community-recreation/parks-recreation/lake-townsen-regional-park/,live_db,90,28.6481,-82.1731,geocoded,true,high,ready_for_import,exported from live db — migration 008+012,physical_site,,,nonprofit,,
HERN-PARKS-001-linda-pedersen-park-at-jenkins-creek-outdoor_space,HERN-PARKS-001,Hernando County Parks & Recreation,Hernando County Parks & Recreation,Hernando County Parks & Recreation,Linda Pedersen Park at Jenkins Creek,outdoor_space,outdoor_space,outdoor_space,day_use_park_with_showers,day_use_park_with_showers,6300 Shoal Line Blvd,Spring Hill,FL,34607,(352) 754-4031,parksandrec@hernandocounty.us,https://www.hernandocounty.us/community-recreation/parks-recreation/linda-pedersen-park-at-jenkins-creek/,8 AM to sunset,"County park (135 acres) on Jenkins Creek connected to Gulf. Restrooms: confirmed. Showers: confirmed – showers available at swim/beach area. Camping: NOT allowed – day-use only; Hernando County ESL preserves prohibit overnight camping. Overnight parking: NOT allowed. Features: grills, picnic tables, 3 pavilions for rent, swimming area, playground, community building, observation tower, kayak/canoe launch, boardwalk to Jenkins Creek Park across street.

Eligibility: Open to public. 3 pavilions available for rent. Day-use only. No lifeguards on duty.",,Spring Hill,true,false,false,,,available,verified,true,https://www.hernandocounty.us/community-recreation/parks-recreation/linda-pedersen-park-at-jenkins-creek/,live_db,90,28.5237,-82.6363,geocoded,true,high,ready_for_import,exported from live db — migration 008+012,physical_site,,,nonprofit,,
HERN-PARKS-001-rogers-park-outdoor_space,HERN-PARKS-001,Hernando County Parks & Recreation,Hernando County Parks & Recreation,Hernando County Parks & Recreation,Rogers Park,outdoor_space,outdoor_space,outdoor_space,day_use_park_with_showers,day_use_park_with_showers,7244 Shoal Line Blvd,Spring Hill,FL,34607,(352) 754-4031,parksandrec@hernandocounty.us,https://www.hernandocounty.us/community-recreation/parks-recreation/rogers-park/,8 AM to sunset,"Day-use county park on the Weeki Wachee River. Restrooms: confirmed. Showers: confirmed – rinsing showers available (outdoor showers at beach/swim area). Camping: NOT allowed – Hernando County parks are day-use only; no camping confirmed. Overnight parking: NOT allowed – day-use only. Features: boat ramp, canoe launch, swimming area, observation deck, playground, barbecue grills, volleyball court, picnic tables, shelter.

Eligibility: Open to public, no fee noted. Day-use only. No lifeguards on duty.",,Spring Hill,true,false,false,,,available,verified,true,https://www.hernandocounty.us/community-recreation/parks-recreation/rogers-park/,live_db,90,28.5355,-82.639,geocoded,true,high,ready_for_import,exported from live db — migration 008+012,physical_site,,,nonprofit,,
HILLS-PARKS-001-alafia-river-corridor-nature-preserve-primitive-camping-outdoor_space,HILLS-PARKS-001,Hillsborough County Parks & Recreation,Hillsborough County Parks & Recreation,Hillsborough County Parks & Recreation,Alafia River Corridor Nature Preserve – Primitive Camping,outdoor_space,outdoor_space,outdoor_space,primitive_campground,primitive_campground,9256 S County Rd 39,Plant City,FL,33567,(813) 672-7876,,https://hcfl.gov/locations/alafia-river-corridor-nature-preserve-north,Open sunrise to sunset,"Nature preserve with free primitive tent-only camping. Restrooms: confirmed – at trailhead/day-use area per Florida Hikes verified source. Showers: NOT available. Camping: confirmed – 3 primitive campsites (Otter 2.5 mi, Hawk 2.2 mi, Bobcat 1 mi from trailhead); hike-in required; no water or electricity; FREE; reservations required at least 14 days in advance. Overnight parking: NOT applicable – hike-in sites only, vehicles park at trailhead.

Eligibility: Free camping; reservations required at least 14 days in advance via online form or call (813) 672-7876 Mon–Fri 8 AM–4 PM.",,Plant City,true,false,false,,,available,verified,true,https://hcfl.gov/locations/alafia-river-corridor-nature-preserve-north,live_db,90,27.8712,-82.1357,geocoded,true,high,ready_for_import,exported from live db — migration 008+012,physical_site,,,nonprofit,,
HILLS-PARKS-001-aldermans-ford-conservation-park-primitive-campground-outdoor_space,HILLS-PARKS-001,Hillsborough County Parks & Recreation,Hillsborough County Parks & Recreation,Hillsborough County Parks & Recreation,Alderman's Ford Conservation Park – Primitive Campground,outdoor_space,outdoor_space,outdoor_space,primitive_campground,primitive_campground,100 Alderman's Ford Park Dr,Lithia,FL,33547,(813) 757-3801,,https://hcfl.gov/locations/aldermans-ford-conservation-park,Park open Spring/Summer 8 AM–7 PM; Fall/Winter 8 AM–6 PM,"Conservation park with primitive hike-in tent camping. Restrooms: confirmed – restroom facility located approximately 0.5 mile from campsites (no showers). Showers: NOT available at campsites. Camping: confirmed – 4 primitive tent-only sites, $2/person minimum $12; hike-in 1–1.5 miles; no water or electricity at sites; must pack out all trash. Youth group camping also available (2 sites). Overnight parking: NOT applicable – sites are hike-in only; vehicles park at trailhead during the day.

Eligibility: Open to public. Reservations required – call (813) 757-3801. No day-use fee. No vehicle overnight parking.",,Lithia,true,false,false,,,available,verified,true,https://hcfl.gov/locations/aldermans-ford-conservation-park,live_db,90,27.8671,-82.1381,geocoded,true,high,ready_for_import,exported from live db — migration 008+012,physical_site,,,nonprofit,,
HILLS-PARKS-001-eg-simmons-conservation-park-outdoor_space,HILLS-PARKS-001,Hillsborough County Parks & Recreation,Hillsborough County Parks & Recreation,Hillsborough County Parks & Recreation,E.G. Simmons Conservation Park,outdoor_space,outdoor_space,outdoor_space,campground,campground,2401 19th Ave NW,Ruskin,FL,33570,(813) 671-7655,,https://hcfl.gov/locations/eg-simmons-conservation-park,"Dawn to dusk (day use); camping check-in 3 PM, checkout 11 AM","County conservation park on Tampa Bay with 110 RV/tent campsites (2 primitive). Restrooms: confirmed (public restrooms at campground and park). Showers: confirmed (hot and cold shower houses). Camping: confirmed – RV/tent, $24/night; 55+ $18/night; 65+/resident $12/night; online reservations available. Overnight parking: allowed for registered campers only. Day-use fee $2/vehicle.

Eligibility: Open to public. Camping requires registration/payment. Age 55+ and 65+ resident discounts available.",,Ruskin,true,false,false,,,available,verified,true,https://hcfl.gov/locations/eg-simmons-conservation-park,live_db,90,27.7399,-82.4661,geocoded,true,high,ready_for_import,exported from live db — migration 008+012,physical_site,,,nonprofit,,
HILLS-PARKS-001-edward-medard-conservation-park-outdoor_space,HILLS-PARKS-001,Hillsborough County Parks & Recreation,Hillsborough County Parks & Recreation,Hillsborough County Parks & Recreation,Edward Medard Conservation Park,outdoor_space,outdoor_space,outdoor_space,campground,campground,6140 Turkey Creek Rd,Plant City,FL,33567,(813) 757-3802,,https://hcfl.gov/locations/edward-medard-conservation-park,Spring/Summer 8 AM–7 PM; Fall/Winter 8 AM–6 PM; camping check-in 3 PM checkout 11 AM,"Conservation park with 700-acre reservoir and 43 RV/tent campsites. Restrooms: confirmed (public restrooms at campground). Showers: confirmed (showers at campground). Camping: confirmed – RV/tent $24/night; 55+ $18; 65+/resident $12; online reservations. Equestrian/hiking trails also available. Overnight parking: for registered campers only.

Eligibility: Open to public. Day-use fee $2/vehicle; $5 boat launch. Camping requires registration/payment.",,Plant City,true,false,false,,,available,verified,true,https://hcfl.gov/locations/edward-medard-conservation-park,live_db,90,27.9036,-82.0497,geocoded,true,high,ready_for_import,exported from live db — migration 008+012,physical_site,,,nonprofit,,
HILLS-PARKS-001-lithia-springs-conservation-park-outdoor_space,HILLS-PARKS-001,Hillsborough County Parks & Recreation,Hillsborough County Parks & Recreation,Hillsborough County Parks & Recreation,Lithia Springs Conservation Park,outdoor_space,outdoor_space,outdoor_space,campground,campground,3932 Lithia Springs Rd,Lithia,FL,33547,(813) 744-5572,,https://hcfl.gov/locations/lithia-springs-park,Dawn to dusk (day use); camping check-in and checkout per park rules,"Conservation park on Alafia River with natural spring swimming and 45 RV/tent campsites. Restrooms: confirmed (at campground). Showers: confirmed (water/shower services at campsites per official page). Camping: confirmed – RV/tent/primitive $24/night; 55+ $18; 65+/resident $12; youth group camping also available. No reservations – first-come first-served (call ahead for availability). Overnight parking: for registered campers only.

Eligibility: Open to public. Day-use $2/vehicle; swimming fee $2/person. No advance reservations – first-come, first-served.",,Lithia,true,false,false,,,available,verified,true,https://hcfl.gov/locations/lithia-springs-park,live_db,90,27.8649,-82.2274,geocoded,true,high,ready_for_import,exported from live db — migration 008+012,physical_site,,,nonprofit,,
HVA-001-emergency-safe-house-intake-other,HVA-001,Hope Villages of America,Hope Villages of America,Hope Villages of America,Emergency Safe House Intake,other,other,other,hotline_intake,hotline_intake,,,FL,,(727) 442-4128,,https://hopevillagesofamerica.org/,24/7 hotline / intake,"Emergency safe-house intake and crisis support.

Eligibility: Support listing only; do not expose confidential location.",,Tampa Bay,false,false,true,,,unknown,verified,true,https://hopevillagesofamerica.org/,live_db,90,,,not_geocoded,false,high,ready_for_import,exported from live db — migration 008+012,phone_intake,,,nonprofit,,
HVA-001-express-center-other,HVA-001,Hope Villages of America,Hope Villages of America,Hope Villages of America,Express Center,other,other,other,express_center,express_center,1520 N Saturn Ave,Clearwater,FL,33755,(727) 442-4128,,https://hopevillagesofamerica.org/,,"Express center / family services candidate.

Eligibility: Needs official program page confirmation.",,Clearwater,false,false,true,,,unknown,verified,true,https://hopevillagesofamerica.org/,live_db,90,27.979046,-82.78302,geocoded,true,high,ready_for_import,exported from live db — migration 008+012,physical_site,,,nonprofit,,
HVA-001-food-distribution-and-basic-needs-food,HVA-001,Hope Villages of America,Hope Villages of America,Hope Villages of America,Food Distribution and Basic Needs,food,food,food,food_assistance,food_assistance,700 Druid Rd,Clearwater,FL,33756,(727) 442-4128,,https://hopevillagesofamerica.org/,,"Food distribution and basic-needs support candidate.

Eligibility: Confirm exact suite / intake details from official provider pages.",,Clearwater,true,false,false,,,unknown,verified,true,https://hopevillagesofamerica.org/,live_db,90,27.94421,-82.79216,geocoded,true,high,ready_for_import,exported from live db — migration 008+012,physical_site,,,nonprofit,,
HVA-001-housing-stability-services-other,HVA-001,Hope Villages of America,Hope Villages of America,Hope Villages of America,Housing Stability Services,other,other,other,housing_support,housing_support,1552 S Myrtle Ave,Clearwater,FL,33756,(727) 442-4128,,https://hopevillagesofamerica.org/,,"Housing stability support candidate.

Eligibility: Support services row; verify walk-in vs referral intake.",,Clearwater,false,false,true,,,unknown,verified,true,https://hopevillagesofamerica.org/,live_db,90,27.94421,-82.79216,geocoded,true,high,ready_for_import,exported from live db — migration 008+012,physical_site,,,nonprofit,,
HVA-001-outreach-center-other,HVA-001,Hope Villages of America,Hope Villages of America,Hope Villages of America,Outreach Center,other,other,other,outreach_center,outreach_center,,,FL,,(727) 442-4128,,https://hopevillagesofamerica.org/,,"Outreach / support services candidate for survivors and families.

Eligibility: Needs official location confirmation before mapping.",,Tampa Bay,false,false,true,,,unknown,verified,true,https://hopevillagesofamerica.org/,live_db,90,,,not_geocoded,false,high,ready_for_import,exported from live db — migration 008+012,phone_intake,,,nonprofit,,
HVA-001-the-haven-emergency-safe-house-shelter,HVA-001,Hope Villages of America,Hope Villages of America,Hope Villages of America,The Haven Emergency Safe House,shelter,shelter,shelter,domestic_violence_shelter,domestic_violence_shelter,,,FL,,(727) 442-4128,,https://hopevillagesofamerica.org/,24/7 hotline / intake,"Emergency safe house and crisis shelter candidate.

Eligibility: Confidential location; use hotline listing rather than public address.",,Tampa Bay,false,false,true,,,unknown,verified,true,https://hopevillagesofamerica.org/,live_db,90,,,confidential_no_map,false,high,ready_for_import,exported from live db — migration 008+012,confidential_phone_web,,,nonprofit,,
JWB-001-youth-family-support-navigation-other,JWB-001,JWB Children's Services Council of Pinellas,JWB Children's Services Council of Pinellas,JWB Children's Services Council of Pinellas,Youth / Family Support Navigation,other,other,other,family_support,family_support,,Clearwater,FL,,(727) 547-5670,,https://jwbpinellas.org/,,"Youth and family support / referral candidate.

Eligibility: Better as support row unless a specific public-facing site or program location is chosen.",,Clearwater,false,false,true,,,unknown,verified,true,https://jwbpinellas.org/,live_db,90,,,not_geocoded,false,high,ready_for_import,exported from live db — migration 008+012,phone_intake,,,nonprofit,,
MM-001-shelter-for-women-and-children-shelter,MM-001,Mary & Martha House,Mary & Martha House,Mary & Martha House,Shelter for Women and Children,shelter,shelter,shelter,women_children_shelter,women_children_shelter,,,FL,,,,https://marymarthahouse.org/,,"Shelter and housing support for women and children.

Eligibility: Confidential location; use intake phone/web process instead of map address.",,Tampa Bay,false,false,true,,,unknown,verified,true,https://marymarthahouse.org/,live_db,90,,,confidential_no_map,false,high,ready_for_import,exported from live db — migration 008+012,confidential_phone_web,,,nonprofit,,
MATTIE-001-family-support-services-other,MATTIE-001,Mattie Williams Neighborhood Family Center,Mattie Williams Neighborhood Family Center,Mattie Williams Neighborhood Family Center,Family Support Services,other,other,other,family_support,family_support,1003 Dr Martin Luther King Jr St N,Safety Harbor,FL,34695,(727) 791-8255,,https://mwnfc.org/need-help/,Center hours: Mon-Wed 8:30 AM-5:00 PM; Thu 8:30 AM-6:00 PM; Fri 8:30 AM-Noon,"One-on-one family support including utility assistance, food stamp and Medicaid help, tax help, notary, and job readiness/career exploration.

Eligibility: Registration required; service area limited to listed north Pinellas ZIP codes.",,Safety Harbor,true,false,false,,,unknown,verified,true,https://mwnfc.org/need-help/,live_db,90,28.013464,-82.692276,geocoded,true,high,ready_for_import,exported from live db — migration 008+012,physical_site,,,nonprofit,,
MATTIE-001-food-pantry-food,MATTIE-001,Mattie Williams Neighborhood Family Center,Mattie Williams Neighborhood Family Center,Mattie Williams Neighborhood Family Center,Food Pantry,food,food,food,food_pantry,food_pantry,1003 Dr. Martin Luther King Jr. St N,Safety Harbor,FL,34695,(727) 791-8255,,https://mwnfc.org/services/food-pantry/,Thu 9:00 AM-11:00 AM and 5:00 PM-6:00 PM,"Weekly food pantry with curbside distribution; TEFAP distribution monthly for eligible households.

Eligibility: No referral needed; registration required; service area limited to listed north Pinellas ZIP codes.",,Safety Harbor,true,true,false,,,unknown,verified,true,https://mwnfc.org/services/food-pantry/,live_db,90,28.013464,-82.692276,geocoded,true,high,ready_for_import,exported from live db — migration 008+012,physical_site,,,nonprofit,,
METMIN-001-emergency-shelter-temporary-housing-shelter,METMIN-001,Metropolitan Ministries,Metropolitan Ministries,Metropolitan Ministries,Emergency Shelter / Temporary Housing,shelter,shelter,shelter,emergency_shelter,emergency_shelter,2301 N Tampa St,Tampa,FL,33602,(813) 209-1000,,https://www.metromin.org/,,"Emergency shelter and homeless-support campus candidate.

Eligibility: Verify exact public-facing program label before import.",,Tampa,false,false,false,,,unknown,verified,true,https://www.metromin.org/,live_db,90,27.9614,-82.4597,geocoded,true,high,ready_for_import,exported from live db — migration 008+012,physical_site,,,nonprofit,,
PASCO-PARKS-001-jay-b-starkey-wilderness-park-campground-cabins-outdoor_space,PASCO-PARKS-001,"Pasco County Parks, Recreation & Natural Resources","Pasco County Parks, Recreation & Natural Resources","Pasco County Parks, Recreation & Natural Resources",Jay B. Starkey Wilderness Park – Campground & Cabins,outdoor_space,outdoor_space,outdoor_space,campground,campground,10500 Wilderness Park Blvd,New Port Richey,FL,34655,(727) 834-3247,,https://www.pascocountyfl.gov/_T22_R85.php,Open dawn to dusk (day use); camping by reservation,"Regional wilderness park (8,300+ acres) with tent camping, primitive cabins, and backcountry sites. Restrooms: confirmed – four restrooms in day-use areas; bathhouse in campground area. Showers: confirmed – campground has restroom/shower bathhouse (showers noted as refreshing but not hot per visitor reports; cold/tepid). Camping: confirmed – 16 tent sites ($15/night), 8 rustic cabins ($50/night, bunk beds, electricity, no plumbing), 3 primitive backcountry hike-in sites ($10/night); reservations up to 30 days in advance. No RVs. No pets in campground or cabins. Also 10-mile equestrian trail with corral and horse trailer parking. Overnight parking: for registered campers at campground parking area.

Eligibility: Open to public; free admission. Camping reservations required online or by phone. Must be 21+ to reserve. No domestic animals in camping area.",,New Port Richey,true,false,false,,,available,verified,true,https://www.pascocountyfl.gov/_T22_R85.php,live_db,90,28.2554,-82.643,geocoded,true,high,ready_for_import,exported from live db — migration 008+012,physical_site,,,nonprofit,,
PASCO-PARKS-001-withlacoochee-river-park-campground-cabins-outdoor_space,PASCO-PARKS-001,"Pasco County Parks, Recreation & Natural Resources","Pasco County Parks, Recreation & Natural Resources","Pasco County Parks, Recreation & Natural Resources",Withlacoochee River Park – Campground & Cabins,outdoor_space,outdoor_space,outdoor_space,campground,campground,12449 Withlacoochee Blvd,Dade City,FL,33525,(352) 567-0264,,https://fl-pascocounty.civicplus.com/303/Withlacoochee-River-Park,Open dawn to dusk daily,"County wilderness park (406 acres) on the Withlacoochee River with RV/tent camping, cabins, and primitive backcountry site. Restrooms: confirmed – at several trailheads and in camping area. Showers: confirmed – restroom and shower building in campground (noted as limited: 1 stall each men/women, 1 shower each per visitor reports). Camping: confirmed – RV/tent sites with restroom/shower access; 2 rustic cabins (sleep 4–6, AC, electricity; no pets in cabins); 1 primitive backcountry hike-in site ($10/night, compost toilet nearby, no showers); tent/RV site fees apply (call park for rates). Must be 21+ to reserve. No pets in camping area. Overnight parking: for registered campers only.

Eligibility: Open to public. Camping reservations required; call (352) 567-0264. Must be 21+ to reserve. No pets in camping area or cabins.",,Dade City,true,false,false,,,available,verified,true,https://fl-pascocounty.civicplus.com/303/Withlacoochee-River-Park,live_db,90,28.3446,-82.1198,geocoded,true,high,ready_for_import,exported from live db — migration 008+012,physical_site,,,nonprofit,,
PIN-PARKS-001-fort-de-soto-park-campground-outdoor_space,PIN-PARKS-001,Pinellas County Parks & Conservation Resources,Pinellas County Parks & Conservation Resources,Pinellas County Parks & Conservation Resources,Fort De Soto Park – Campground,outdoor_space,outdoor_space,outdoor_space,campground,campground,3500 Pinellas Bayway S,Tierra Verde,FL,33715,(727) 582-2100,parks@pinellas.gov,https://pinellas.gov/camping-information/,Camp office: 9 AM–6 PM daily (Fri 9 AM–9 PM); phone 8 AM–5 PM Mon–Fri,"Pinellas County regional park on Tampa Bay with 236-site campground. Restrooms: confirmed – 7 restroom buildings in campground. Showers: confirmed – modern showers in campground restrooms. Camping: confirmed – RV/tent; all sites have water, electric (20/30/50 amp), picnic table, charcoal grill; $33.90–$45.77/night; advance reservations required (6 months for non-residents, 7 months for Pinellas residents). Also primitive youth camping area (up to 90 people, tent only, nonprofit groups with FL tax exemption cert required). Laundry, dump stations, camp store, WiFi at camp office. Overnight parking: at Fort De Soto boat ramp only (boat ramp pass/fee required; no vehicle storage).

Eligibility: Open to public; campground requires advance reservation. Pinellas residents get 7-month advance booking window; non-residents 6 months. Maximum stay 14 days.",,Tierra Verde,true,false,false,,,available,verified,true,https://pinellas.gov/camping-information/,live_db,90,27.6253,-82.7302,geocoded,true,high,ready_for_import,exported from live db — migration 008+012,physical_site,,,nonprofit,,
PHOPE-001-adult-education-and-job-readiness-work_exchange,PHOPE-001,Pinellas Hope (Catholic Charities),Pinellas Hope (Catholic Charities),Pinellas Hope (Catholic Charities),Adult Education and Job Readiness,work_exchange,work_exchange,work_exchange,job_readiness,job_readiness,5726 126th Ave N,Clearwater,FL,33760,(727) 556-6397,,https://pinellashope.org/,,"On-site education and job-readiness candidate.

Eligibility: Treat as a services listing tied to shelter campus until program page is located.",,Clearwater,false,false,false,,,unknown,verified,true,https://pinellashope.org/,live_db,90,27.90535,-82.71389,geocoded,true,high,ready_for_import,exported from live db — migration 008+012,physical_site,,,nonprofit,,
PHOPE-001-emergency-shelter-shelter,PHOPE-001,Pinellas Hope (Catholic Charities),Pinellas Hope (Catholic Charities),Pinellas Hope (Catholic Charities),Emergency Shelter,shelter,shelter,shelter,emergency_shelter,emergency_shelter,5726 126th Ave N,Clearwater,FL,33760,(727) 556-6397,,https://pinellashope.org/,,"Large shelter campus serving adults experiencing homelessness.

Eligibility: Public campus listing; confirm any sub-program split during import.",,Clearwater,true,false,false,,,unknown,verified,true,https://pinellashope.org/,live_db,90,27.90535,-82.71389,geocoded,true,high,ready_for_import,exported from live db — migration 008+012,physical_site,,,nonprofit,,
PHOPE-001-medical-respite-program-medical,PHOPE-001,Pinellas Hope (Catholic Charities),Pinellas Hope (Catholic Charities),Pinellas Hope (Catholic Charities),Medical Respite Program,medical,medical,medical,medical_respite,medical_respite,5726 126th Avenue N,Clearwater,FL,33760,(813) 295-1561,,https://pinellashope.org/pinellas-hope-respite-services/,Referral-based program; contact coordinator,"Ten-bed recuperative care program for people discharged from BayCare hospitals with no home to return to.

Eligibility: Referrals must come from BayCare Health System in Pinellas County.",,Clearwater,false,false,true,10,,unknown,verified,true,https://pinellashope.org/pinellas-hope-respite-services/,live_db,90,27.90535,-82.71389,geocoded,true,high,ready_for_import,exported from live db — migration 008+012,physical_site,,,nonprofit,,
PHOPE-001-permanent-supportive-housing-shelter,PHOPE-001,Pinellas Hope (Catholic Charities),Pinellas Hope (Catholic Charities),Pinellas Hope (Catholic Charities),Permanent Supportive Housing,shelter,shelter,shelter,permanent_supportive_housing,permanent_supportive_housing,5726 126th Ave N,Clearwater,FL,33760,(727) 709-6713,,https://pinellashope.org/permanent-supportive-housing/,Contact program for availability and eligibility,"Income-based permanent supportive housing for formerly homeless adults, including veteran-designated units.

Eligibility: Qualifying income-based housing; not a walk-in shelter service.",,Clearwater,false,false,true,,,unknown,verified,true,https://pinellashope.org/permanent-supportive-housing/,live_db,90,27.90535,-82.71389,geocoded,true,high,ready_for_import,exported from live db — migration 008+012,physical_site,,,nonprofit,,
PSH-001-emergency-shelter-jail-diversion-shelter,PSH-001,Pinellas Safe Harbor,Pinellas Safe Harbor,Pinellas Safe Harbor,Emergency Shelter / Jail Diversion,shelter,shelter,shelter,emergency_shelter,emergency_shelter,,,FL,,(727) 464-8058,,https://pinellas.gov/pinellas-safe-harbor/,,"Emergency shelter and jail-diversion support candidate.

Eligibility: County-operated intake resource; public page should be checked for mappable address.",,Tampa Bay,false,false,true,,,unknown,verified,true,https://pinellas.gov/pinellas-safe-harbor/,live_db,90,,,not_geocoded,false,high,ready_for_import,exported from live db — migration 008+012,phone_intake,,,nonprofit,,
RCS-001-food-pantry-assistance-food,RCS-001,RCS Pinellas,RCS Pinellas,RCS Pinellas,Food Pantry / Assistance,food,food,food,food_pantry,food_pantry,,Pinellas Park,FL,,(727) 586-0311,,https://www.rcspinellas.org/,,"Food and family assistance candidate.

Eligibility: Needs public site location confirmation before map import.",,Pinellas Park,true,false,false,,,unknown,verified,true,https://www.rcspinellas.org/,live_db,90,,,not_geocoded,false,high,ready_for_import,exported from live db — migration 008+012,phone_intake,,,nonprofit,,
SALV-STPETE-001-emergency-shelter-shelter,SALV-STPETE-001,Salvation Army St. Petersburg,Salvation Army St. Petersburg,Salvation Army St. Petersburg,Emergency Shelter,shelter,shelter,shelter,emergency_shelter,emergency_shelter,,St. Petersburg,FL,,(727) 822-4954,,,,"Emergency shelter candidate listed in county shelter resources.

Eligibility: Needs official provider page or public address confirmation.",,St. Petersburg,false,false,true,,,unknown,verified,true,,live_db,90,,,not_geocoded,false,high,ready_for_import,exported from live db — migration 008+012,phone_intake,,,nonprofit,,
SALV-TAMPA-001-recuperative-care-program-medical,SALV-TAMPA-001,Salvation Army Tampa,Salvation Army Tampa,Salvation Army Tampa,Recuperative Care Program,medical,medical,medical,recuperative_care,recuperative_care,1603 N Florida Ave,Tampa,FL,33602,(813) 226-0055,,https://southernusa.salvationarmy.org/tampa/,,"Medical recuperative care candidate associated with Tampa Salvation Army campus.

Eligibility: Confirm whether this should live as a separate map card or notes under shelter provider.",,Tampa,false,false,true,,,unknown,verified,true,https://southernusa.salvationarmy.org/tampa/,live_db,90,27.9614,-82.4597,geocoded,true,high,ready_for_import,exported from live db — migration 008+012,physical_site,,,nonprofit,,
SALV-TAMPA-001-red-shield-center-shelter,SALV-TAMPA-001,Salvation Army Tampa,Salvation Army Tampa,Salvation Army Tampa,Red Shield Center,shelter,shelter,shelter,emergency_shelter,emergency_shelter,1514 N Florida Ave,Tampa,FL,33602,(813) 226-0055,,https://southernusa.salvationarmy.org/tampa/,,"Shelter / support center candidate.

Eligibility: Confirm public intake workflow and exact program title.",,Tampa,false,false,false,,,unknown,verified,true,https://southernusa.salvationarmy.org/tampa/,live_db,90,27.9614,-82.4597,geocoded,true,high,ready_for_import,exported from live db — migration 008+012,physical_site,,,nonprofit,,
SVDP-001-care-center-shelter,SVDP-001,St. Vincent de Paul CARES (Pinellas),St. Vincent de Paul CARES (Pinellas),St. Vincent de Paul CARES (Pinellas),CARE Center,shelter,shelter,shelter,service_center,service_center,384 15th St N,St. Petersburg,FL,33705,(727) 823-2516,homeless@svdp.care,https://www.svdpsp.org/,,"CARE Center candidate providing homeless services and support.

Eligibility: Public campus / service-center style listing.",,St. Petersburg,true,false,false,,,unknown,verified,true,https://www.svdpsp.org/,live_db,90,27.74337,-82.643724,geocoded,true,high,ready_for_import,exported from live db — migration 008+012,physical_site,,,nonprofit,,
SVDP-001-center-of-hope-shelter,SVDP-001,St. Vincent de Paul CARES (Pinellas),St. Vincent de Paul CARES (Pinellas),St. Vincent de Paul CARES (Pinellas),Center of Hope,shelter,shelter,shelter,supportive_services,supportive_services,384 15th St N,St. Petersburg,FL,33705,(727) 823-2516,homeless@svdp.care,https://www.svdpsp.org/,,"Center of Hope program candidate.

Eligibility: Confirm whether this is a separate listing from CARE Center or a sub-program.",,St. Petersburg,false,false,true,,,unknown,verified,true,https://www.svdpsp.org/,live_db,90,27.74337,-82.643724,geocoded,true,high,ready_for_import,exported from live db — migration 008+012,physical_site,,,nonprofit,,
SVDP-001-day-center-showers-storage-access-other,SVDP-001,St. Vincent de Paul CARES (Pinellas),St. Vincent de Paul CARES (Pinellas),St. Vincent de Paul CARES (Pinellas),Day Center / Showers / Storage Access,other,other,other,day_center,day_center,384 15th St N,St. Petersburg,FL,33705,(727) 823-2516,,https://www.svdpsp.org/,,"Day-center style candidate with hygiene / storage supports.

Eligibility: Verify public-facing access and naming.",,St. Petersburg,true,false,false,,,unknown,verified,true,https://www.svdpsp.org/,live_db,90,27.74337,-82.643724,geocoded,true,high,ready_for_import,exported from live db — migration 008+012,physical_site,,,nonprofit,,
SVDP-001-food-center-community-meals-pantry-food,SVDP-001,St. Vincent de Paul CARES (Pinellas),St. Vincent de Paul CARES (Pinellas),St. Vincent de Paul CARES (Pinellas),Food Center / Community Meals / Pantry,food,food,food,food_pantry,food_pantry,384 15th St N,St. Petersburg,FL,33705,(727) 823-2516,,https://www.svdpsp.org/,,"Food-support candidate associated with St. Vincent campus.

Eligibility: Confirm if food services are open to the public as a separate listing.",,St. Petersburg,true,false,false,,,unknown,verified,true,https://www.svdpsp.org/,live_db,90,27.74337,-82.643724,geocoded,true,high,ready_for_import,exported from live db — migration 008+012,physical_site,,,nonprofit,,
TALBOT-001-affordable-housing-rehousing-referrals-other,TALBOT-001,Talbot House,Talbot House,Talbot House,Affordable Housing / Rehousing Referrals,other,other,other,housing_support,housing_support,,Polk County,FL,,,,https://talbothouse.org/,,"Affordable housing and rehousing referrals candidate.

Eligibility: Support program; not necessarily a mappable address.",,Polk County,false,false,true,,,unknown,verified,true,https://talbothouse.org/,live_db,90,,,not_geocoded,false,high,ready_for_import,exported from live db — migration 008+012,web_intake,,,nonprofit,,
TALBOT-001-center-for-women-and-children-shelter,TALBOT-001,Talbot House,Talbot House,Talbot House,Center for Women and Children,shelter,shelter,shelter,women_children_shelter,women_children_shelter,320 MLK Blvd NW,Winter Haven,FL,33881,,,https://talbothouse.org/,,"Shelter and supportive housing candidate for women and children.

Eligibility: Confirm public-facing intake details.",,Winter Haven,false,false,true,,,unknown,verified,true,https://talbothouse.org/,live_db,90,28.05439,-81.70081,geocoded,true,high,ready_for_import,exported from live db — migration 008+012,physical_site,,,nonprofit,,
TALBOT-001-daily-meals-program-food,TALBOT-001,Talbot House,Talbot House,Talbot House,Daily Meals Program,food,food,food,free_meal,free_meal,814 N Kentucky Ave,Lakeland,FL,33801,,,https://talbothouse.org/food-services/,,"Daily meals / food services candidate.

Eligibility: Confirm current meal times before import.",,Lakeland,true,false,false,,,unknown,verified,true,https://talbothouse.org/food-services/,live_db,90,28.042681,-81.906626,geocoded,true,high,ready_for_import,exported from live db — migration 008+012,physical_site,,,nonprofit,,
TALBOT-001-food-pantry-food,TALBOT-001,Talbot House,Talbot House,Talbot House,Food Pantry,food,food,food,food_pantry,food_pantry,814 N Kentucky Ave,Lakeland,FL,33801,,,https://talbothouse.org/food-services/,,"Food pantry and grocery assistance candidate.

Eligibility: Confirm pantry schedule from official site.",,Lakeland,true,false,false,,,unknown,verified,true,https://talbothouse.org/food-services/,live_db,90,28.042681,-81.906626,geocoded,true,high,ready_for_import,exported from live db — migration 008+012,physical_site,,,nonprofit,,
TALBOT-001-good-samaritan-free-clinic-medical,TALBOT-001,Talbot House,Talbot House,Talbot House,Good Samaritan Free Clinic,medical,medical,medical,free_clinic,free_clinic,814 N Kentucky Ave,Lakeland,FL,33801,,,https://talbothouse.org/,,"Free clinic / medical support candidate.

Eligibility: Confirm clinic hours and whether separate intake applies.",,Lakeland,false,false,false,,,unknown,verified,true,https://talbothouse.org/,live_db,90,28.042681,-81.906626,geocoded,true,high,ready_for_import,exported from live db — migration 008+012,physical_site,,,nonprofit,,
TALBOT-001-main-shelter-basicneeds-campus-shelter,TALBOT-001,Talbot House,Talbot House,Talbot House,Main Shelter / Basic-Needs Campus,shelter,shelter,shelter,emergency_shelter,emergency_shelter,814 N Kentucky Ave,Lakeland,FL,33801,,,https://talbothouse.org/,,"Main shelter and basic-needs campus candidate.

Eligibility: Confirm public intake phone and campus naming before import.",,Lakeland,true,false,false,,,unknown,verified,true,https://talbothouse.org/,live_db,90,28.042681,-81.906626,geocoded,true,high,ready_for_import,exported from live db — migration 008+012,physical_site,,,nonprofit,,
